"cohort","age","cohort_seg","probability","lower","upper","se_logit","ci_reliable"
1958,0,1,1.68153441535853e-06,0,1,16.4196994594143,FALSE
1958,1,1,3.84473266389086e-06,0,1,26.3953584160459,FALSE
1958,2,1,1.86365123938976e-05,0,1,38.9484165187564,FALSE
1958,3,1,0.000218578830610977,0,1,53.8213185523894,FALSE
1958,4,1,0.00466463159634758,0,1,58.756775663712,FALSE
1958,5,1,0.0765884627216974,0,1,47.124740066922,FALSE
1958,6,1,0.414837719642237,0,1,28.71255719433,FALSE
1958,7,1,0.776508039969817,0,1,16.5492998182496,FALSE
1958,8,1,0.936494223290497,0,1,14.4614294344307,FALSE
1958,9,1,0.984755634330995,0,1,15.0773251688072,FALSE
1958,10,1,0.99615211727261,0,1,13.3037095741051,FALSE
1958,11,1,0.998724398423764,0,1,9.68411374072369,FALSE
1958,12,1,0.999402956018452,0.00916609799444877,0.999999996698472,6.17662257382116,TRUE
1958,13,1,0.999628822521775,0.5506467651646,0.999999831045081,3.92618171307003,TRUE
1958,14,1,0.999722863968009,0.903907476363498,0.999999277128995,3.03541772389323,TRUE
1958,15,1,0.99977130476516,0.938096379645889,0.999999207053361,2.89016409869849,TRUE
1958,16,1,0.999802210837778,0.943666224739286,0.999999344419441,2.91313152238414,TRUE
1958,17,1,0.999825919528774,0.950502399587417,0.999999417869781,2.90860053659234,TRUE
1958,18,1,0.9998463232568,0.960240335264584,0.999999429459115,2.85524373640561,TRUE
1958,19,1,0.999864746536068,0.970055567397408,0.999999407218628,2.77056867941496,TRUE
1958,20,1,0.999881514366878,0.978131858490306,0.999999371913347,2.67351173767335,TRUE
1958,21,1,0.999896630776751,0.984105509601161,0.999999338290967,2.57726130165457,TRUE
1958,22,1,0.999910059058615,0.988313978442894,0.999999315740335,2.48915814421993,TRUE
1958,23,1,0.999921816147383,0.991241485763857,0.999999308088139,2.41200214376202,TRUE
1958,24,1,0.999931985402704,0.993297803734183,0.999999314313851,2.3455150096944,TRUE
1959,0,1,1.67915725384423e-06,0,1,16.4176288671192,FALSE
1959,1,1,3.83929743122767e-06,0,1,26.3940719757662,FALSE
1959,2,1,1.8610166664937e-05,0,1,38.9475469748513,FALSE
1959,3,1,0.000218269895724424,0,1,53.8206908512229,FALSE
1959,4,1,0.00465806797816102,0,1,58.7562018898229,FALSE
1959,5,1,0.0764884720851968,0,1,47.1240266680498,FALSE
1959,6,1,0.414494349136068,0,1,28.7113912213304,FALSE
1959,7,1,0.776262434222699,0,1,16.5472875459069,FALSE
1959,8,1,0.936410035842953,0,1,14.4591369210498,FALSE
1959,9,1,0.984734382492324,0,1,15.0751280752213,FALSE
1959,10,1,0.996146690855482,0,1,13.3012111723265,FALSE
1959,11,1,0.998722594874651,0,1,9.6806644302701,FALSE
1959,12,1,0.999402111294832,0.00925030890233909,0.999999996658415,6.17119137670761,TRUE
1959,13,1,0.999628297244987,0.554450730506809,0.999999827939324,3.91760983519962,TRUE
1959,14,1,0.999722471738287,0.905661947327364,0.999999260165781,3.02430493220407,TRUE
1959,15,1,0.999770981077836,0.939332551159623,0.99999918753443,2.87847871074884,TRUE
1959,16,1,0.999801930885172,0.944789164737618,0.99999932839198,2.90152977708772,TRUE
1959,17,1,0.999825673127818,0.951498381397538,0.999999403608191,2.89697327758678,TRUE
1959,18,1,0.999846105731708,0.961064880830142,0.999999415224032,2.84339183165104,TRUE
1959,19,1,0.999864555085076,0.970703379332476,0.999999391988473,2.75834727195561,TRUE
1959,20,1,0.999881346647899,0.978627284488998,0.999999355206834,2.66083967717665,TRUE
1959,21,1,0.999896484453161,0.984482119664136,0.999999320051191,2.56410957412277,TRUE
1959,22,1,0.999909931741625,0.988602436618131,0.999999296229399,2.47553528697531,TRUE
1959,23,1,0.99992170547198,0.99146561361178,0.999999287744396,2.39793882723733,TRUE
1959,24,1,0.999931889121702,0.993474771699826,0.999999293596327,2.33104935251673,TRUE
1960,0,1,1.67674105286973e-06,0,1,16.4155881081694,FALSE
1960,1,1,3.83377293722109e-06,0,1,26.3928042879028,FALSE
1960,2,1,1.85833882661275e-05,0,1,38.9466901670984,FALSE
1960,3,1,0.000217955887092292,0,1,53.8200721980776,FALSE
1960,4,1,0.00465139647882585,0,1,58.7556359057086,FALSE
1960,5,1,0.0763868171372957,0,1,47.1233217031829,FALSE
1960,6,1,0.414144926349391,0,1,28.7102356592166,FALSE
1960,7,1,0.776012241157649,0,1,16.5452854086043,FALSE
1960,8,1,0.936324236762721,0,1,14.4568472034848,FALSE
1960,9,1,0.984712720833482,0,1,15.0729290046591,FALSE
1960,10,1,0.9961411596152,0,1,13.2987113027957,FALSE
1960,11,1,0.99872075647251,0,1,9.67721922399014,FALSE
1960,12,1,0.999401250245519,0.0093347817292285,0.999999996617887,6.16577510909534,TRUE
1960,13,1,0.999627761816004,0.558230046294756,0.999999824780603,3.90906287822971,TRUE
1960,14,1,0.999722071927707,0.907381505286881,0.999999242821724,3.0132166479073,TRUE
1960,15,1,0.999770651134366,0.940541475847091,0.999999167554345,2.86681806449446,TRUE
1960,16,1,0.999801645521692,0.945887157279746,0.999999311989595,2.88995347481922,TRUE
1960,17,1,0.99982542196445,0.952472064190897,0.999999389010308,2.88536986154142,TRUE
1960,18,1,0.999845884002302,0.961870623070582,0.999999400642409,2.83156017256233,TRUE
1960,19,1,0.999864359933717,0.971336059492014,0.999999376369773,2.74614102352837,TRUE
1960,20,1,0.999881175687238,0.979110850377168,0.999999338050813,2.64817656432752,TRUE
1960,21,1,0.999896335301415,0.984849509260541,0.999999301293643,2.55095979577045,TRUE
1960,22,1,0.999909801963834,0.988883694823663,0.999999276136042,2.4619069423913,TRUE
1960,23,1,0.999921592657423,0.991684056601558,0.999999266765208,2.38386246100059,TRUE
1960,24,1,0.999931790979761,0.993647191261284,0.999999272205142,2.31656315913684,TRUE
1961,0,1,1.67421418919427e-06,0,1,16.4136171632575,FALSE
1961,1,1,3.82799541976017e-06,0,1,26.3915804861267,FALSE
1961,2,1,1.85553834075393e-05,0,1,38.9458632198943,FALSE
1961,3,1,0.000217627496564932,0,1,53.8194747909183,FALSE
1961,4,1,0.0046444193272599,0,1,58.7550882177283,FALSE
1961,5,1,0.0762804824211123,0,1,47.1226364953864,FALSE
1961,6,1,0.41377905346905,0,1,28.7091042489721,FALSE
1961,7,1,0.775749989896624,0,1,16.5433060568301,FALSE
1961,8,1,0.936234260031643,0,1,14.4545622403737,FALSE
1961,9,1,0.984690001203886,0,1,15.0707235080821,FALSE
1961,10,1,0.996135358029753,0,1,13.296207261733,FALSE
1961,11,1,0.998718828201873,0,1,9.67378595417008,FALSE
1961,12,1,0.999400347102838,0.00941853492655518,0.999999996576944,6.16040519009592,TRUE
1961,13,1,0.999627200211596,0.56193942839354,0.999999821585377,3.90061213393462,TRUE
1961,14,1,0.999721652571538,0.909045685747093,0.999999225220182,3.00226133191129,TRUE
1961,15,1,0.99977030506086,0.941708342768186,0.999999147269039,2.85530355380715,TRUE
1961,16,1,0.999801346207541,0.946946579481232,0.999999295342513,2.87852481709349,TRUE
1961,17,1,0.999825158522346,0.953411503302925,0.999999374190381,2.87391149766793,TRUE
1961,18,1,0.999845651433098,0.962647947821087,0.999999385825143,2.81986958084375,TRUE
1961,19,1,0.999864155241886,0.97194633040207,0.999999360477101,2.73407106279228,TRUE
1961,20,1,0.999880996368716,0.97957721512042,0.999999320566094,2.63564417426175,TRUE
1961,21,1,0.999896178857987,0.985203785859333,0.999999282144655,2.53793435908859,TRUE
1961,22,1,0.999909665841506,0.989154892970908,0.999999255589293,2.44839582200848,TRUE
1961,23,1,0.999921474327617,0.991894680167569,0.999999245278689,2.369895641384,TRUE
1961,24,1,0.999931688039879,0.993813441182665,0.999999250264241,2.30217846772143,TRUE
1962,0,1,1.67117141715099e-06,0,1,16.4119206066743,FALSE
1962,1,1,3.82103830968483e-06,0,1,26.3905294951195,FALSE
1962,2,1,1.85216608104713e-05,0,1,38.945154228464,FALSE
1962,3,1,0.000217232058440002,0,1,53.8189616031681,FALSE
1962,4,1,0.00463601752472753,0,1,58.7546133310725,FALSE
1962,5,1,0.0761524049073676,0,1,47.122030238906,FALSE
1962,6,1,0.413337873608937,0,1,28.7080698988757,FALSE
1962,7,1,0.775433378817438,0,1,16.541419593989,FALSE
1962,8,1,0.936125574768947,0,1,14.4522991364754,FALSE
1962,9,1,0.984662553139496,0,1,15.068496524545,FALSE
1962,10,1,0.996128348744877,0,1,13.2936950223022,FALSE
1962,11,1,0.998716498508632,0,1,9.67041962091038,FALSE
1962,12,1,0.999399255943677,0.00949581681661716,0.999999996536008,6.15526788789978,TRUE
1962,13,1,0.999626521691722,0.565322567034836,0.999999818454965,3.89266582618411,TRUE
1962,14,1,0.999721145913151,0.91053818081732,0.99999920812549,2.99205452405923,TRUE
1962,15,1,0.999769886941167,0.942748815870615,0.999999127644365,2.84462273782393,TRUE
1962,16,1,0.999800984581608,0.947889776089548,0.999999279256201,2.86793645508065,TRUE
1962,17,1,0.999824840236347,0.954248423967535,0.999999359858519,2.86328684322891,TRUE
1962,18,1,0.999845370447159,0.963341684856953,0.999999371468715,2.80900863778731,TRUE
1962,19,1,0.99986390793687,0.97249224595363,0.999999345040355,2.72282997817374,TRUE
1962,20,1,0.999880779719273,0.979995458667331,0.999999303535472,2.62394098433373,TRUE
1962,21,1,0.999895989845815,0.985522323559899,0.999999263438343,2.52573729903762,TRUE
1962,22,1,0.999909501380915,0.989399346873574,0.9999992354583,2.43570957288035,TRUE
1962,23,1,0.999921331363634,0.992084994299895,0.999999224165854,2.35674685769963,TRUE
1962,24,1,0.999931563669726,0.993964010672013,0.999999228644228,2.28860178048912,TRUE
1963,0,1,1.66667448794916e-06,0,1,16.4108042188444,FALSE
1963,1,1,3.81075635910925e-06,0,1,26.3898470313576,FALSE
1963,2,1,1.84718219987268e-05,0,1,38.9446993642902,FALSE
1963,3,1,0.000216647637735578,0,1,53.8186321006118,FALSE
1963,4,1,0.00462360019585802,0,1,58.7542998021184,FALSE
1963,5,1,0.0759630534141441,0,1,47.1216032158226,FALSE
1963,6,1,0.412684634257107,0,1,28.7072659355485,FALSE
1963,7,1,0.774963817168624,0,1,16.5397814882615,FALSE
1963,8,1,0.935964268122348,0,1,14.4501506397203,FALSE
1963,9,1,0.984621806808439,0,1,15.0662983424792,FALSE
1963,10,1,0.996117943004595,0,1,13.2912599102708,FALSE
1963,11,1,0.998713039886737,0,1,9.66733885430182,FALSE
1963,12,1,0.999397636022851,0.00955168955283912,0.9999999964966,6.15087106491152,TRUE
1963,13,1,0.99962551436883,0.567763790598774,0.999999815650435,3.88621902102439,TRUE
1963,14,1,0.999720393733545,0.911592240083162,0.999999193421613,2.98404230850491,TRUE
1963,15,1,0.999769266205021,0.943471538637085,0.999999111036137,2.83637518429677,TRUE
1963,16,1,0.999800447715438,0.94854024889557,0.999999265698326,2.85980278076738,TRUE
1963,17,1,0.999824367712146,0.954826765351261,0.999999347764557,2.85511226208891,TRUE
1963,18,1,0.999844953298216,0.963824919596446,0.999999359309751,2.80060756466686,TRUE
1963,19,1,0.999863540790264,0.972876753712546,0.999999331902099,2.71407135033779,TRUE
1963,20,1,0.9998804580836,0.980293709639668,0.999999288957932,2.61474682011449,TRUE
1963,21,1,0.999895709240152,0.985752359701908,0.99999924732618,2.51607155435215,TRUE
1963,22,1,0.999909257224281,0.989578077890975,0.999999218003437,2.42556689786638,TRUE
1963,23,1,0.999921119120644,0.992225803432323,0.999999205732744,2.34614118604536,TRUE
1963,24,1,0.999931379030955,0.994076682350262,0.999999209634783,2.27755518338262,TRUE
1964,0,1,1.65859868660502e-06,0,1,16.4106662661967,FALSE
1964,1,1,3.79229153836273e-06,0,1,26.3897975450824,FALSE
1964,2,1,1.83823190566446e-05,0,1,38.944691408668,FALSE
1964,3,1,0.000215598105276304,0,1,53.8186358759909,FALSE
1964,4,1,0.00460129978303863,0,1,58.7542919065565,FALSE
1964,5,1,0.0756228119860605,0,1,47.1215385664165,FALSE
1964,6,1,0.41150785629082,0,1,28.7069865299505,FALSE
1964,7,1,0.774115607516605,0,1,16.5388748629227,FALSE
1964,8,1,0.93567253127097,0,1,14.4486364058654,FALSE
1964,9,1,0.984548086477038,0,1,15.064618067919,FALSE
1964,10,1,0.996099114774574,0,1,13.2894853921024,FALSE
1964,11,1,0.998706781705734,0,1,9.66541960880914,FALSE
1964,12,1,0.999394704852426,0.00954583982284742,0.999999996464588,6.14870841248104,TRUE
1964,13,1,0.999623691662368,0.567744892772474,0.99999981386518,3.88378007921241,TRUE
1964,14,1,0.999719032696662,0.911584055511595,0.999999185630646,2.98161589053614,TRUE
1964,15,1,0.999768143009049,0.943440090627707,0.999999102887238,2.83419772405766,TRUE
1964,16,1,0.999799476278432,0.948498920093653,0.999999259157505,2.85775638337343,TRUE
1964,17,1,0.999823512699105,0.954793899661184,0.999999341899022,2.85302266300774,TRUE
1964,18,1,0.999844198484302,0.96381013137007,0.999999353329731,2.79834569268044,TRUE
1964,19,1,0.999862876453434,0.972879205148572,0.999999325317569,2.71154571787639,TRUE
1964,20,1,0.999879876096879,0.980308025473593,0.999999281484411,2.61189035382072,TRUE
1964,21,1,0.999895201495508,0.985773227781312,0.999999238847791,2.51283468071609,TRUE
1964,22,1,0.999908815432644,0.989601793321684,0.999999208549835,2.42191410901446,TRUE
1964,23,1,0.999920735075436,0.992250175543599,0.999999195437249,2.34204839080861,TRUE
1964,24,1,0.999931044934449,0.994100527318854,0.999999198674416,2.27300664822646,TRUE
1965,0,2,3.28548911624176e-08,2.80511177521289e-11,3.8479835880562e-05,3.60508025427403,TRUE
1965,1,2,3.94022053661819e-08,4.73872638729825e-09,3.27626722280926e-07,1.08065935646241,TRUE
1965,2,2,7.11631430415242e-08,0,1,NA,FALSE
1965,3,2,2.15869968561622e-07,0,1,NA,FALSE
1965,4,2,1.19202256849637e-06,3.47278142760352e-08,4.0914265284855e-05,1.8040469293883,TRUE
1965,5,2,1.14777455633487e-05,6.33263690336859e-08,0.00207604130683089,2.65304613338322,TRUE
1965,6,2,0.000149155703033955,5.99648828665661e-06,0.0036974383768899,1.63980559361316,TRUE
1965,7,2,0.00189992435841346,0.00059298737039925,0.00606984026463346,0.594758286111787,TRUE
1965,8,2,0.0165447912381316,0.00856103549844841,0.0317356247396742,0.340279448840843,TRUE
1965,9,2,0.0804438384889108,0.0442435797733443,0.141866786099051,0.324730957262378,TRUE
1965,10,2,0.250748871372264,0.151770040800028,0.384980975688224,0.319476791285839,TRUE
1965,11,2,0.570882853040823,0.422096669417037,0.707873896759516,0.305937417784181,TRUE
1965,12,2,0.86822105443895,0.787717680421927,0.921247471330738,0.292912434423327,TRUE
1965,13,2,0.973844518497183,0.954308182042665,0.985157667982226,0.294967387037543,TRUE
1965,14,2,0.994611810742703,0.987654272383881,0.997657669031005,0.426599925035207,TRUE
1965,15,2,0.998468160975667,0.994125702354626,0.999601828461628,0.688010662037869,TRUE
1965,16,2,0.999369832838762,0.995948949861745,0.999902256908131,0.951127279466815,TRUE
1965,17,2,0.999653506750725,0.996618217548956,0.999964595509667,1.16396823836122,TRUE
1965,18,2,0.999769822309885,0.996863703441302,0.999983152411254,1.33413542699322,TRUE
1965,19,2,0.999828974367885,0.996866811261397,0.999990690689636,1.48521104507496,TRUE
1965,20,2,0.999864569482727,0.996666254441255,0.999994515138852,1.636048887944,TRUE
1965,21,2,0.999888785787416,0.996252033469898,0.999996711564892,1.79654031590616,TRUE
1965,22,2,0.999906661272653,0.995586161649321,0.999998034530083,1.96972758367562,TRUE
1965,23,2,0.99992053397301,0.994604085896931,0.999998835829118,2.15483487985877,TRUE
1965,24,2,0.999931621952773,0.993210528595303,0.999999315934266,2.34944153206963,TRUE
1966,0,2,3.6757689159415e-08,3.17995239696602e-11,4.24871267688259e-05,3.59835766563726,TRUE
1966,1,2,4.40827519031884e-08,5.54490583343781e-09,3.5046375055508e-07,1.05776892285873,TRUE
1966,2,2,7.9616537662316e-08,0,1,NA,FALSE
1966,3,2,2.41512930038611e-07,0,1,NA,FALSE
1966,4,2,1.3336214931863e-06,3.98881299890246e-08,4.45864887904472e-05,1.79063288089177,TRUE
1966,5,2,1.28411574400158e-05,7.21399715820231e-08,0.00228061463775098,2.64383184839668,TRUE
1966,6,2,0.000166870796289518,6.91607164258807e-06,0.00401141417914799,1.62428080570302,TRUE
1966,7,2,0.00212513476306857,0.000724970920653183,0.00621267571136988,0.549429032052196,TRUE
1966,8,2,0.0184738223629626,0.0113312597281776,0.029982104122961,0.253086342129103,TRUE
1966,9,2,0.0891477958635917,0.058451331467608,0.133676176542899,0.232272912356519,TRUE
1966,10,2,0.27242069129331,0.194405016572333,0.36746359153826,0.224117352526121,TRUE
1966,11,2,0.598135147884512,0.499540515075226,0.689383718921646,0.203850085136218,TRUE
1966,12,2,0.880541423182531,0.835391712696291,0.914573579710358,0.190429622348682,TRUE
1966,13,2,0.976556507879399,0.964725288179643,0.984483334129559,0.214678753134067,TRUE
1966,14,2,0.995181152281567,0.989606711672996,0.997772471373214,0.395028987141323,TRUE
1966,15,2,0.998630583358802,0.994810993167865,0.999639619510013,0.681639891906642,TRUE
1966,16,2,0.999436704013011,0.996354015409232,0.999913199171023,0.95443881345517,TRUE
1966,17,2,0.999690284753063,0.996931745497467,0.999968814355078,1.17143683353116,TRUE
1966,18,2,0.999794256713982,0.997144090219272,0.999985214463661,1.34347915487042,TRUE
1966,19,2,0.999847130473303,0.997142833467877,0.999991841827053,1.49528730972625,TRUE
1966,20,2,0.999878947263202,0.996959346658617,0.999995194231696,1.6462167903055,TRUE
1966,21,2,0.999900592935334,0.99658322359029,0.999997117186095,1.80643770697544,TRUE
1966,22,2,0.999916570813395,0.995979552501795,0.99999827541833,1.97916667607305,TRUE
1966,23,2,0.999928970788253,0.995089724176197,0.999998977433416,2.16373644730467,TRUE
1966,24,2,0.999938881642113,0.993827465502738,0.999999398488894,2.3577897921426,TRUE
1967,0,2,4.94268216251244e-08,4.31964242615449e-11,5.6552661947066e-05,3.59317359326154,TRUE
1967,1,2,5.92765856447864e-08,7.80171286213401e-09,4.5037704853385e-07,1.0346471376093,TRUE
1967,2,2,1.07057664322914e-07,0,1,NA,FALSE
1967,3,2,3.24754247171883e-07,0,1,NA,FALSE
1967,4,2,1.79327492295608e-06,5.60269860022005e-08,5.73948727082483e-05,1.76838303670124,TRUE
1967,5,2,1.72669939732154e-05,9.96795735127561e-08,0.00298225754038932,2.62995061492647,TRUE
1967,6,2,0.000224372615029087,9.59703047605509e-06,0.00522059917489916,1.60822812569734,TRUE
1967,7,2,0.00285550533963798,0.0010327799859159,0.00786976692021891,0.519816145406658,TRUE
1967,8,2,0.0246839543444273,0.0168964055584191,0.0359296044618103,0.197455379887721,TRUE
1967,9,2,0.116300550311231,0.0870140578963726,0.1537837357229,0.164651784664429,TRUE
1967,10,2,0.334872325408955,0.273189946293989,0.402764014082973,0.149119152829618,TRUE
1967,11,2,0.66682209501351,0.609144654502482,0.719901918017508,0.127618902903495,TRUE
1967,12,2,0.908355020727777,0.884160818771991,0.927908039450871,0.133307039155295,TRUE
1967,13,2,0.98246016961447,0.974494583189034,0.98796874084347,0.195185923082523,TRUE
1967,14,2,0.99641189227478,0.992153790466156,0.998362954712598,0.401378894986706,TRUE
1967,15,2,0.998981236021307,0.996034720649353,0.999738832127903,0.694880155570441,TRUE
1967,16,2,0.999581028117279,0.997203897439459,0.999937347644011,0.969690742344276,TRUE
1967,17,2,0.999769652992093,0.997643960284899,0.999977522476552,1.18740903610116,TRUE
1967,18,2,0.999846984971785,0.99780652980204,0.999989346039867,1.35958970035017,TRUE
1967,19,2,0.999886309690262,0.997806715195289,0.999994118413435,1.51112952050092,TRUE
1967,20,2,0.999909972829789,0.997668378023213,0.999996531418053,1.66148574905459,TRUE
1967,21,2,0.99992607117102,0.997383678130796,0.999997916171129,1.82093534923696,TRUE
1967,22,2,0.999937954140094,0.996926213607837,0.999998751270707,1.99279586196731,TRUE
1967,23,2,0.999947176105952,0.996251624016893,0.999999258293161,2.17647719752103,TRUE
1967,24,2,0.999954546849384,0.995294528850514,0.999999562965445,2.36967118044651,TRUE
1968,0,2,6.80418679429537e-08,6.00467051436294e-11,7.70956455047334e-05,3.58820669395805,TRUE
1968,1,2,8.16012331964243e-08,1.11770014328803e-08,5.95755341401033e-07,1.01429732232831,TRUE
1968,2,2,1.47377538359278e-07,0,1,NA,FALSE
1968,3,2,4.47062598446557e-07,0,1,NA,FALSE
1968,4,2,2.46865348295413e-06,8.01067760509903e-08,7.60711680264733e-05,1.74904748381742,TRUE
1968,5,2,2.3769906028243e-05,1.40321812697233e-07,0.00401056041093719,2.61854851949786,TRUE
1968,6,2,0.000308849358523332,1.34982672958729e-05,0.00702130367386269,1.59726798033008,TRUE
1968,7,2,0.00392671809194089,0.00145833941097164,0.0105290092524262,0.506632080555472,TRUE
1968,8,2,0.0336673976864116,0.0241619325611504,0.04673328923466,0.174258383562706,TRUE
1968,9,2,0.153383147645043,0.124318064356729,0.187786310718198,0.124415761360101,TRUE
1968,10,2,0.409362918775249,0.361548310337143,0.458955325512363,0.103088976270925,TRUE
1968,11,2,0.73369999441784,0.694536801882814,0.769508420251929,0.0979920353177005,TRUE
1968,12,2,0.931715398704,0.913200034541491,0.946512566371422,0.132652635893785,TRUE
1968,13,2,0.987197321094429,0.980993575979902,0.991393912292089,0.204813262584016,TRUE
1968,14,2,0.997390973723554,0.994231529021087,0.998822011738217,0.406437422463896,TRUE
1968,15,2,0.999259745440901,0.997107024182525,0.999810887502261,0.696545176738616,TRUE
1968,16,2,0.999695616497665,0.997966078241777,0.999954514976129,0.969999581559064,TRUE
1968,17,2,0.999832661299007,0.998287831853264,0.999983667960606,1.18728821626516,TRUE
1968,18,2,0.999888842513993,0.998406150706424,0.999992258401945,1.35943481531584,TRUE
1968,19,2,0.99991741077203,0.998405900668918,0.999995727240428,1.51109801759777,TRUE
1968,20,2,0.999934601054696,0.998304734831209,0.99999748103175,1.66162217581982,TRUE
1968,21,2,0.999946295700093,0.998096994094729,0.999998487147031,1.82123143114317,TRUE
1968,22,2,0.999954928020889,0.997763403407107,0.999999093658378,1.99322228516021,TRUE
1968,23,2,0.999961627231119,0.997271530780942,0.999999461762769,2.17700008746998,TRUE
1968,24,2,0.999966981613951,0.99657352052277,0.99999968289621,2.37025957786241,TRUE
1969,0,2,9.76889002316574e-08,8.63922692494613e-11,0.000110450496698053,3.58712975257628,TRUE
1969,1,2,1.17156317461666e-07,1.60691916018724e-08,8.54155848841603e-07,1.01359276641564,TRUE
1969,2,2,2.11592502950647e-07,0,1,NA,FALSE
1969,3,2,6.41855488170002e-07,0,1,NA,FALSE
1969,4,2,3.54428528850275e-06,1.13828202089496e-07,0.000110347518471068,1.75432046331935,TRUE
1969,5,2,3.41265175155654e-05,2.00126545367498e-07,0.00578613572744202,2.62194309437786,TRUE
1969,6,2,0.000443360777109992,1.92708269474859e-05,0.0101060092192453,1.60013941657735,TRUE
1969,7,2,0.00562802881232788,0.00209260918650576,0.0150464053342508,0.506589247898917,TRUE
1969,8,2,0.0476380481328399,0.0351996094622536,0.0641794579180255,0.161009515439368,TRUE
1969,9,2,0.206419503137872,0.174802565401887,0.242077468770094,0.104757574940033,TRUE
1969,10,2,0.49876627557958,0.454698461069571,0.542853265415419,0.0901901981202966,TRUE
1969,11,2,0.798209563021587,0.765452925692665,0.827422852208351,0.0981293785523807,TRUE
1969,12,2,0.95143220923811,0.937091236445581,0.96263430539381,0.13975394515976,TRUE
1969,13,2,0.991047949019226,0.986534122582484,0.994057832826659,0.210637148215146,TRUE
1969,14,2,0.998181331866157,0.995960011444442,0.999182299005003,0.408357130198519,TRUE
1969,15,2,0.999484285119372,0.997982588324053,0.999868314297266,0.696706764327586,TRUE
1969,16,2,0.999787972484514,0.998583721104074,0.999968290414895,0.969547097163836,TRUE
1969,17,2,0.999883440025475,0.998808344935601,0.999988609919624,1.18663827709923,TRUE
1969,18,2,0.999922574438891,0.998890810414888,0.999994600595475,1.35874962438831,TRUE
1969,19,2,0.999942473853045,0.998890570277677,0.999997020129689,1.51044323550946,TRUE
1969,20,2,0.999954447694895,0.998820000826382,0.999998243431669,1.66102181311309,TRUE
1969,21,2,0.999962593495036,0.998675164607342,0.999998945155055,1.82069018340165,TRUE
1969,22,2,0.999968606223406,0.998442598945823,0.999999368116873,1.9927362420901,TRUE
1969,23,2,0.999973272447581,0.998099631403557,0.999999624787341,2.1765622571012,TRUE
1969,24,2,0.999977001940814,0.997612772115062,0.999999778960252,2.36986260051522,TRUE
1970,0,2,1.19026761120995e-07,1.05054458608612e-10,0.000134839235801056,3.58813985127093,TRUE
1970,1,2,1.42746380806429e-07,1.94213420084262e-08,1.04918152759077e-06,1.01772127905294,TRUE
1970,2,2,2.57809941737291e-07,0,1,NA,FALSE
1970,3,2,7.82053750249423e-07,0,1,NA,FALSE
1970,4,2,4.31844846023667e-06,1.37400752327636e-07,0.00013570977176825,1.7590903797354,TRUE
1970,5,2,4.15803499372905e-05,2.42594356497601e-07,0.00707696720636962,2.62455515658196,TRUE
1970,6,2,0.000540150296357251,2.34132247889396e-05,0.0123209157131187,1.60159233040586,TRUE
1970,7,2,0.00684892107545331,0.00256274588562741,0.0181730850481964,0.503743075093693,TRUE
1970,8,2,0.057445722506074,0.0435508204127673,0.075424203607348,0.148750770759489,TRUE
1970,9,2,0.240656428775351,0.207649956540644,0.277074740679868,0.0969739651197233,TRUE
1970,10,2,0.548008029266302,0.50455780878968,0.590738541762062,0.0889780547987306,TRUE
1970,11,2,0.828168442386859,0.799581709966631,0.853425156833238,0.0964404405107921,TRUE
1970,12,2,0.959788823253979,0.948078501934866,0.968944524318741,0.136667775351305,TRUE
1970,13,2,0.992640968358243,0.988955450914868,0.995102734963559,0.209048947023601,TRUE
1970,14,2,0.99850687671165,0.996677959498494,0.999329578564625,0.408957740153561,TRUE
1970,15,2,0.999576697911499,0.998338945348405,0.99989222553913,0.69815618314761,TRUE
1970,16,2,0.999825975927668,0.998833434810265,0.99997406163384,0.971251798693562,TRUE
1970,17,2,0.999904333669943,0.99901841076789,0.999990683753163,1.18838556925098,TRUE
1970,18,2,0.999936453595252,0.999086441712251,0.999995583257788,1.36044703211525,TRUE
1970,19,2,0.999952786047337,0.999086418085904,0.999997561985783,1.5120432793755,TRUE
1970,20,2,0.999962613526646,0.999028524593096,0.999998562503063,1.66250072760814,TRUE
1970,21,2,0.999969299133038,0.998909530088725,0.999999136544339,1.82204034935987,TRUE
1970,22,2,0.999974234023717,0.998718367550733,0.999999482637551,1.99396098161558,TRUE
1970,23,2,0.999978063776316,0.998436388428004,0.999999692720083,2.1776711956744,TRUE
1970,24,2,0.999981124712603,0.99803603129163,0.999999818943084,2.37086808524696,TRUE
1971,0,2,1.67058052040221e-07,1.47790164492066e-10,0.000188802367163732,3.58695537781705,TRUE
1971,1,2,2.00349332036494e-07,2.75739889158821e-08,1.45571290084178e-06,1.01185011242035,TRUE
1971,2,2,3.61844881315541e-07,0,1,NA,FALSE
1971,3,2,1.09763837914708e-06,0,1,NA,FALSE
1971,4,2,6.06107700711435e-06,1.95766236295552e-07,0.000187622751534462,1.75142370173881,TRUE
1971,5,2,5.83584395715645e-05,3.43668699965863e-07,0.00981374562394685,2.6198130217997,TRUE
1971,6,2,0.000757953886638942,3.31680446079587e-05,0.0170506536629116,1.59684603645398,TRUE
1971,7,2,0.0095861968991672,0.00363352642609494,0.025045766844843,0.498025933688175,TRUE
1971,8,2,0.0788003103975984,0.0608317796531841,0.101502771081988,0.14190177706838,TRUE
1971,9,2,0.307871112473685,0.272334732656861,0.345840679798755,0.0881231692178722,TRUE
1971,10,2,0.629860542929844,0.591899297441909,0.666281543621327,0.0815300889660646,TRUE
1971,11,2,0.871209447123148,0.848523656874732,0.890934413247634,0.0962397522434823,TRUE
1971,12,2,0.971014940993549,0.962111212986094,0.977874442484515,0.141373274303222,TRUE
1971,13,2,0.994745665559377,0.992043468103293,0.996533349615326,0.213095771213281,TRUE
1971,14,2,0.998935711595728,0.997625787324972,0.999523256771361,0.410044089178601,TRUE
1971,15,2,0.99969836588968,0.998816763983483,0.999923157053652,0.697806638801457,TRUE
1971,16,2,0.999876003838944,0.999169993320547,0.999981487121837,0.970369611316666,TRUE
1971,17,2,0.999931837071387,0.999301886237357,0.999993348443118,1.1873235608133,TRUE
1971,18,2,0.999954723160739,0.999350318241145,0.99999684639538,1.35935744234951,TRUE
1971,19,2,0.99996636019747,0.999350244139529,0.999998259384459,1.51099871123678,TRUE
1971,20,2,0.999973362322865,0.999308950538196,0.99999897386137,1.66153532920965,TRUE
1971,21,2,0.999978125826359,0.999224139259493,0.999999383743968,1.82116646351074,TRUE
1971,22,2,0.999981641930821,0.999087915434139,0.99999963081981,1.99317827761218,TRUE
1971,23,2,0.999984370618676,0.99888696852154,0.999999780766986,2.17697270353952,TRUE
1971,24,2,0.999986551522771,0.998601615352792,0.999999870841359,2.37024409375845,TRUE
1972,0,2,2.29118778917266e-07,2.03002242398865e-10,0.000258528510372433,3.58617765039115,TRUE
1972,1,2,2.74777499107478e-07,3.78343948212209e-08,1.99560644051854e-06,1.01162231744718,TRUE
1972,2,2,4.96267317574944e-07,0,1,NA,FALSE
1972,3,2,1.50540171581578e-06,0,1,NA,FALSE
1972,4,2,8.31270031677468e-06,2.66383448126154e-07,0.000259341173247143,1.75544604459339,TRUE
1972,5,2,8.00364017621275e-05,4.68991303877774e-07,0.0134768048568899,2.62236052137209,TRUE
1972,6,2,0.0010392351213949,4.52917396299821e-05,0.0233365699211578,1.59906513643817,TRUE
1972,7,2,0.0131007387023014,0.00496932034537699,0.0340820444047628,0.498780155314127,TRUE
1972,8,2,0.105000255648474,0.0824311384649911,0.132853960144535,0.136177871331105,TRUE
1972,9,2,0.378906605014873,0.341187704243581,0.418148763110975,0.0835801932831073,TRUE
1972,10,2,0.700046192884163,0.662857732458995,0.734773924120987,0.0874824496912629,TRUE
1972,11,2,0.902700256107192,0.882330552990372,0.919864028803858,0.108627931523967,TRUE
1972,12,2,0.978698801814632,0.971505108144186,0.984106118879897,0.152216533484788,TRUE
1972,13,2,0.996163431541797,0.994116780696654,0.997499885288963,0.219178733026773,TRUE
1972,14,2,0.999223768527714,0.998262922814822,0.999653317261451,0.411472097218053,TRUE
1972,15,2,0.999780050673363,0.99913753992537,0.999943934168512,0.697479413227873,TRUE
1972,16,2,0.999909587281798,0.999395740667218,0.999986477847103,0.969473194030148,TRUE
1972,17,2,0.999950299247977,0.999491964881233,0.999995139817778,1.1862406620461,TRUE
1972,18,2,0.999966986761626,0.999527256304338,0.999997695520625,1.35823137098908,TRUE
1972,19,2,0.999975471889441,0.999527184340746,0.999998728103707,1.50989210953369,TRUE
1972,20,2,0.999980577452854,0.999497081877584,0.999999250255725,1.66047764689063,TRUE
1972,21,2,0.999984050725653,0.999435278395898,0.999999549789326,1.82017042185927,TRUE
1972,22,2,0.999986614461063,0.999336016665178,0.999999730326921,1.99224728599313,TRUE
1972,23,2,0.999988604055493,0.999189585429986,0.999999839877951,2.17610515560083,TRUE
1972,24,2,0.999990194236963,0.998981617927056,0.999999905676911,2.3694360191885,TRUE
1973,0,3,2.2272337053795e-07,2.49507565749126e-09,1.98810546661057e-05,2.29168072159656,TRUE
1973,1,3,2.83394577282904e-07,1.29829869664406e-08,6.18594429076142e-06,1.57309046585673,TRUE
1973,2,3,6.23332634357355e-07,1.22623113287906e-07,3.16859332827748e-06,0.829589360634868,TRUE
1973,3,3,2.78946303967581e-06,4.58229101289225e-07,1.69806145966236e-05,0.92156665259135,TRUE
1973,4,3,2.38313125021e-05,3.17365056098697e-06,0.0001789280479506,1.02866099546869,TRUE
1973,5,3,0.000279665383417841,7.93184500015489e-05,0.000985560915749451,0.643033984173268,TRUE
1973,6,3,0.00338222202928791,0.00210347789335638,0.00543410576565922,0.242975406280849,TRUE
1973,7,3,0.032432609287227,0.0261330836612477,0.0401880061696467,0.113497938826152,TRUE
1973,8,3,0.177289179798496,0.153866011708047,0.203420834052495,0.0866204555641701,TRUE
1973,9,3,0.499605707184666,0.459270540592129,0.539946006314216,0.0825027699198453,TRUE
1973,10,3,0.819544392862385,0.788904481717898,0.846601761203304,0.0994555198463329,TRUE
1973,11,3,0.959809443144848,0.947501828303511,0.969325086925326,0.142886391746709,TRUE
1973,12,3,0.992340261567806,0.987504947467054,0.995313294617513,0.252167633582219,TRUE
1973,13,3,0.998238304367265,0.995404321446195,0.999325859687897,0.490663437525447,TRUE
1973,14,3,0.999420263088479,0.997379458192593,0.999871950078704,0.770731534159779,TRUE
1973,15,3,0.99973047521625,0.998057535275197,0.999962656263584,1.00855290328655,TRUE
1973,16,3,0.999839209710614,0.998385625160692,0.999984006397475,1.17760172794707,TRUE
1973,17,3,0.999888196659723,0.99863134369986,0.999990877507719,1.27864649611609,TRUE
1973,18,3,0.999915295572629,0.998892208883926,0.999993529412183,1.31225837417079,TRUE
1973,19,3,0.999932829246851,0.999195502640219,0.999994395431329,1.2672260411692,TRUE
1973,20,3,0.999945442986362,0.999518326106656,0.999993822915552,1.1114736225781,TRUE
1973,21,3,0.999955104724897,0.999806320994223,0.999989594353151,0.745941473754344,TRUE
1973,22,3,0.999962753625725,0,1,NA,FALSE
1973,23,3,0.999968905635323,0,1,NA,FALSE
1973,24,3,0.999973889312189,0,1,NA,FALSE
1974,0,3,3.39686406520705e-07,3.77562414750796e-09,3.05600880774517e-05,2.29568375925044,TRUE
1974,1,3,4.32219045019929e-07,1.9573644674823e-08,9.5440415343199e-06,1.57898254433714,TRUE
1974,2,3,9.50675169719377e-07,1.83197123719363e-07,4.93337643136226e-06,0.840122811287831,TRUE
1974,3,3,4.2543420412922e-06,6.88335121880283e-07,2.62940118315091e-05,0.929314600902339,TRUE
1974,4,3,3.63458604453531e-05,4.79763169461371e-06,0.000275291572825162,1.0331768760494,TRUE
1974,5,3,0.000426468897190697,0.000120226755006528,0.00151159315233771,0.646168087629931,TRUE
1974,6,3,0.00514924842145145,0.0032027398218279,0.00826896029206733,0.24326916429108,TRUE
1974,7,3,0.0486362087128563,0.0394753939976521,0.0597905856567282,0.111366241575358,TRUE
1974,8,3,0.247362260612794,0.215210381744909,0.282587931044357,0.0923840915975013,TRUE
1974,9,3,0.603606548390076,0.559640504544669,0.64595993410929,0.0922527666393591,TRUE
1974,10,3,0.87384108903375,0.849748908914099,0.894549575107193,0.103432083735427,TRUE
1974,11,3,0.973278327938701,0.965025719932422,0.97962474717951,0.141662476104709,TRUE
1974,12,3,0.994964432115956,0.991779533935665,0.996919221539857,0.251691742502302,TRUE
1974,13,3,0.998844201911576,0.996973718415901,0.999559088643527,0.49205903069107,TRUE
1974,14,3,0.999619806028454,0.998272437546184,0.999916416650682,0.773041717031855,TRUE
1974,15,3,0.999823263364,0.998718734576581,0.999975644322962,1.01126762462585,TRUE
1974,16,3,0.999894568245503,0.998934876064258,0.999989572818041,1.18050272795388,TRUE
1974,17,3,0.999926690700455,0.999096869340015,0.999994053844706,1.28166130319682,TRUE
1974,18,3,0.999944459939385,0.999268873305745,0.999995783531801,1.31541092624499,TRUE
1974,19,3,0.999955956904574,0.999468821882975,0.999996349760036,1.27064379789303,TRUE
1974,20,3,0.999964227744832,0.999681621863444,0.999995981717756,1.11550511161183,TRUE
1974,21,3,0.999970562906824,0.999871455620388,0.999993259322266,0.752114725748518,TRUE
1974,22,3,0.999975578229563,0,1,NA,FALSE
1974,23,3,0.999979612033595,0,1,NA,FALSE
1974,24,3,0.999982879762365,0,1,NA,FALSE
1975,0,3,4.18805138928244e-07,4.68107033216026e-09,3.74682083789693e-05,2.29283773164239,TRUE
1975,1,3,5.32890188776646e-07,2.43605478357516e-08,1.1656919240968e-05,1.57418757653507,TRUE
1975,2,3,1.17210339367943e-06,2.30243665470406e-07,5.96681376448645e-06,0.830330545652,TRUE
1975,3,3,5.24524576455603e-06,8.62082314463588e-07,3.1913414234441e-05,0.921308256454275,TRUE
1975,4,3,4.48110527385771e-05,5.97330758529668e-06,0.000336082393061922,1.02817851152457,TRUE
1975,5,3,0.000525748563360239,0.000149325022482501,0.00184931814911109,0.642396673318109,TRUE
1975,6,3,0.00634099126765045,0.00395503590514228,0.0101516523722545,0.242067576108908,TRUE
1975,7,3,0.0592927322278597,0.0477655643215252,0.0733873369583111,0.116512868746027,TRUE
1975,8,3,0.288363143497645,0.250919022686063,0.328941261889319,0.0971291703594242,TRUE
1975,9,3,0.652466393384163,0.609759230413542,0.692854034954848,0.0936741677151111,TRUE
1975,10,3,0.895176150612597,0.874418332115933,0.9128448272778,0.104153232097601,TRUE
1975,11,3,0.978216498422277,0.971331511747917,0.983476124148147,0.143731654195033,TRUE
1975,12,3,0.995911839611861,0.99328978880783,0.997511876586822,0.254173866847136,TRUE
1975,13,3,0.999062345286906,0.997535351673546,0.999643615150902,0.493862255448286,TRUE
1975,14,3,0.999691608391783,0.9985947442445,0.999932379629578,0.774351969644534,TRUE
1975,15,3,0.999856646857963,0.998958432795452,0.999980285284471,1.01229891815674,TRUE
1975,16,3,0.999914484229068,0.999134437947699,0.999991557155986,1.18137817266131,TRUE
1975,17,3,0.999940539135929,0.999266223714058,0.999995184631526,1.2824523552475,TRUE
1975,18,3,0.999954951842001,0.999406036170002,0.999996585133812,1.31616470579394,TRUE
1975,19,3,0.999964277028325,0.999568485052631,0.999997043746891,1.27140299944289,TRUE
1975,20,3,0.999970985480266,0.999741330826523,0.999996746149966,1.11633848505682,TRUE
1975,21,3,0.99997612389561,0.999895496832662,0.999994545305064,0.753289285827334,TRUE
1975,22,3,0.99998019178781,0,1,NA,FALSE
1975,23,3,0.999983463571654,0,1,NA,FALSE
1975,24,3,0.999986113994769,0,1,NA,FALSE
1976,0,3,5.00251226846753e-07,5.59748745535519e-09,4.47058351144091e-05,2.29228349482334,TRUE
1976,1,3,6.36522668938305e-07,2.91086261945497e-08,1.39187596835589e-05,1.57400141076301,TRUE
1976,2,3,1.40004508130585e-06,2.74543248186668e-07,7.13955705910619e-06,0.831215294382398,TRUE
1976,3,3,6.26529601019468e-06,1.02685102618238e-06,3.82264652898022e-05,0.92273849164756,TRUE
1976,4,3,5.35251086985535e-05,7.11902913433524e-06,0.000402312002428698,1.02931784975854,TRUE
1976,5,3,0.000627928057263218,0.000178019295373719,0.00221237669716701,0.643370876253431,TRUE
1976,6,3,0.00756481185157052,0.00471562777067766,0.0121145203394891,0.242602526368369,TRUE
1976,7,3,0.0700162009686625,0.0567584632265538,0.0860880669855537,0.114327152567024,TRUE
1976,8,3,0.326151702454063,0.287698229258024,0.367096027766165,0.0923216717069924,TRUE
1976,9,3,0.691598487604034,0.652970838469731,0.727719401068714,0.0895319340596509,TRUE
1976,10,3,0.910718858395307,0.892904789940714,0.925815944462314,0.102900999026618,TRUE
1976,11,3,0.981698170957127,0.975864578771441,0.986141792456455,0.144206524041453,TRUE
1976,12,3,0.996575155240595,0.994373228608598,0.997917205928461,0.254439168193147,TRUE
1976,13,3,0.999214885407129,0.997936481325817,0.999701521428249,0.493691949925336,TRUE
1976,14,3,0.99974180480119,0.998823996652371,0.999943353063698,0.774034405988191,TRUE
1976,15,3,0.999879983444887,0.999128434539312,0.999983484158746,1.01196410732465,TRUE
1976,16,3,0.999928406092514,0.999275693227843,0.999992927482569,1.18107170984409,TRUE
1976,17,3,0.999950219503414,0.999385937556759,0.999995966513244,1.28218571296468,TRUE
1976,18,3,0.99996228587579,0.999502915411247,0.999997139820187,1.31593491115968,TRUE
1976,19,3,0.999970092927097,0.99963885830084,0.999997524070846,1.27120024370642,TRUE
1976,20,3,0.999975709232225,0.999783517397183,0.99999727488163,1.11614604591821,TRUE
1976,21,3,0.999980011096953,0.999912549631184,0.999995431289128,0.753055476385786,TRUE
1976,22,3,0.999983416718058,0,1,NA,FALSE
1976,23,3,0.999986155837546,0,1,NA,FALSE
1976,24,3,0.999988374755099,0,1,NA,FALSE
1977,0,3,6.32918467858412e-07,7.08876611262153e-09,5.65068234683749e-05,2.29179259365456,TRUE
1977,1,3,8.0532923499583e-07,3.68510495838646e-08,1.7599085799959e-05,1.57368598267867,TRUE
1977,2,3,1.77133833719489e-06,3.47248383663222e-07,9.03566820695978e-06,0.831368215211293,TRUE
1977,3,3,7.92684810336675e-06,1.2978289266705e-06,4.84137716999185e-05,0.923266612601893,TRUE
1977,4,3,6.77190811143519e-05,9.00011581942506e-06,0.000509339864244206,1.02970732081576,TRUE
1977,5,3,0.000794323179656558,0.000225214903238255,0.002797519294639,0.643381583714709,TRUE
1977,6,3,0.00955184763013806,0.00597660144783568,0.0152330565150025,0.241068585082224,TRUE
1977,7,3,0.0869697075535571,0.0713735399673926,0.105586372660136,0.109476587000587,TRUE
1977,8,3,0.379796734418925,0.340673295156791,0.420547340522238,0.086677184034957,TRUE
1977,9,3,0.739396523387227,0.705792491367712,0.770410885178571,0.0856129999353452,TRUE
1977,10,3,0.928087457251713,0.913621708947903,0.940288961526126,0.101529955994316,TRUE
1977,11,3,0.985478746350674,0.980821166454328,0.989017897604331,0.144355367112253,TRUE
1977,12,3,0.997291099119414,0.995545154144833,0.99835390405594,0.254699429175866,TRUE
1977,13,3,0.999379352709445,0.998368372298301,0.999764062893857,0.493673640434707,TRUE
1977,14,3,0.999795914568543,0.999070582144829,0.999955211450258,0.773863956620268,TRUE
1977,15,3,0.999905137968885,0.99931130937878,0.999986940149655,1.01173424074374,TRUE
1977,16,3,0.999943412185608,0.999427701194063,0.999994407305359,1.18082957945221,TRUE
1977,17,3,0.99996065368242,0.999514810714986,0.999996810526414,1.28195348671742,TRUE
1977,18,3,0.999970190973232,0.99960723467356,0.99999773839501,1.31572013251888,TRUE
1977,19,3,0.999976361660347,0.99971464786299,0.999998042289161,1.27100079618508,TRUE
1977,20,3,0.999980800770942,0.999828952830757,0.999997845268611,1.11594963816602,TRUE
1977,21,3,0.99998420094475,0.999930912255045,0.999996387204604,0.752810011472502,TRUE
1977,22,3,0.99998689272743,0,1,NA,FALSE
1977,23,3,0.999989057708405,0,1,NA,FALSE
1977,24,3,0.999990811523571,0,1,NA,FALSE
1978,0,3,8.69710191738122e-07,9.73515948933221e-09,7.76914195606004e-05,2.29209154701086,TRUE
1978,1,3,1.10662436596615e-06,5.05846318429289e-08,2.42087457130389e-05,1.57422422948721,TRUE
1978,2,3,2.43404234031319e-06,4.76193819859807e-07,1.2441392931505e-05,0.832405943958996,TRUE
1978,3,3,1.08924642289851e-05,1.78115533440156e-06,6.66085911222771e-05,0.923903756715256,TRUE
1978,4,3,9.30522647596521e-05,1.23653546366313e-05,0.000699872162417878,1.02978597964074,TRUE
1978,5,3,0.0010911767073535,0.000309867631028879,0.00383494351869326,0.642689660683556,TRUE
1978,6,3,0.0130787142102332,0.00824721127478616,0.0206816540110389,0.237756669526975,TRUE
1978,7,3,0.115741465548745,0.0967828884189276,0.137847010024146,0.102094850944895,TRUE
1978,8,3,0.456958689632368,0.418069399917716,0.49637979917628,0.0806705367212653,TRUE
1978,9,3,0.79586580813723,0.768229802761303,0.820974450250047,0.0828129752510778,TRUE
1978,10,3,0.946621634227134,0.935736962780082,0.955749876861159,0.100585596318397,TRUE
1978,11,3,0.98939043295523,0.985978860324052,0.991978667287145,0.144014961007129,TRUE
1978,12,3,0.998027183698891,0.996754816179095,0.998801282938514,0.254589155502426,TRUE
1978,13,3,0.999548257071162,0.998812023047166,0.999828297600461,0.49369818477708,TRUE
1978,14,3,0.999851471689102,0.999323332232484,0.999967411536208,0.77395972264038,TRUE
1978,15,3,0.999930963821658,0.999498584531303,0.999990498464852,1.01187412807971,TRUE
1978,16,3,0.999958818447274,0.999583313188874,0.999995931365462,1.18100132959696,TRUE
1978,17,3,0.999971366011164,0.99964672650229,0.99999767981264,1.28215254272553,TRUE
1978,18,3,0.999978306759673,0.999714012605378,0.99999835488648,1.31594834592066,TRUE
1978,19,3,0.999982797448386,0.999792214133454,0.999998576053051,1.27126873943461,TRUE
1978,20,3,0.999986027981047,0.999875434560311,0.999998432967077,1.11628842812587,TRUE
1978,21,3,0.999988502429219,0.999949667271413,0.999997373673623,0.75336006406853,TRUE
1978,22,3,0.999990461348399,0,1,NA,FALSE
1978,23,3,0.999992036890576,0,1,NA,FALSE
1978,24,3,0.99999331320979,0,1,NA,FALSE
1979,0,3,1.02789912692375e-06,1.1509785318177e-08,9.17898781461924e-05,2.29191750290748,TRUE
1979,1,3,1.30790484163373e-06,5.98211783315764e-08,2.85947314996843e-05,1.57391834736865,TRUE
1979,2,3,2.87676206210593e-06,5.63599668641414e-07,1.46836165002587e-05,0.831688128246088,TRUE
1979,3,3,1.28736378696676e-05,2.10816226451198e-06,7.86094335777502e-05,0.923167885205576,TRUE
1979,4,3,0.000109975413559416,1.46337476510028e-05,0.000825973198534519,1.02911168110099,TRUE
1979,5,3,0.00128939180896841,0.000366978035380873,0.00451984578726341,0.641617453902498,TRUE
1979,6,3,0.0154208801493333,0.00978582527207218,0.0242214440941052,0.234950493079692,TRUE
1979,7,3,0.133972966148238,0.113479310444362,0.157510078761972,0.0966374082268473,TRUE
1979,8,3,0.498630010349679,0.461430045399928,0.535845148342762,0.076076377885471,TRUE
1979,9,3,0.821679135942838,0.797503870103471,0.843534460521747,0.0801032708832538,TRUE
1979,10,3,0.954462247104372,0.945234325718094,0.962197464003847,0.0991023972844029,TRUE
1979,11,3,0.991008516836688,0.988129049778018,0.993194338946849,0.14323031851432,TRUE
1979,12,3,0.99833028435513,0.997254771815294,0.998984866582175,0.254233626483871,TRUE
1979,13,3,0.999617751710668,0.998994966428718,0.999854674176196,0.493544309935036,TRUE
1979,14,3,0.999874326658428,0.99942750885247,0.999972421792349,0.773870461374537,TRUE
1979,15,3,0.999941587559769,0.999575771996644,0.999991959661494,1.01180842565723,TRUE
1979,16,3,0.999965155883001,0.999647454308536,0.999996557141687,1.18094704935831,TRUE
1979,17,3,0.999975772547062,0.999701104809255,0.999998036698704,1.28210584589647,TRUE
1979,18,3,0.99998164519094,0.999758033411943,0.999998607950809,1.31590768896722,TRUE
1979,19,3,0.999985444805514,0.999824198164802,0.99999879510727,1.27123292404064,TRUE
1979,20,3,0.999988178186779,0.999894609387066,0.999998674040754,1.11625558393764,TRUE
1979,21,3,0.999990271836664,0.999957415970751,0.999997777693551,0.75332354862203,TRUE
1979,22,3,0.99999192929232,0,1,NA,FALSE
1979,23,3,0.999993262369201,0,1,NA,FALSE
1979,24,3,0.999994342271039,0,1,NA,FALSE
1980,0,3,9.99617213188581e-07,1.12092990450502e-08,8.91355907138133e-05,2.29117970382292,TRUE
1980,1,3,1.27191877951581e-06,5.82793360301537e-08,2.77583206342738e-05,1.5730062076307,TRUE
1980,2,3,2.79761014139643e-06,5.49454405223681e-07,1.42442219692674e-05,0.830422026322389,TRUE
1980,3,3,1.25194329560876e-05,2.05290503468884e-06,7.6344417049265e-05,0.922484634588632,TRUE
1980,4,3,0.000106949838832376,1.42398731647814e-05,0.000802771756596193,1.02879780500868,TRUE
1980,5,3,0.00125395956091133,0.000357080344944037,0.00439363055809903,0.64133742890154,TRUE
1980,6,3,0.0150029508474342,0.00952800302144684,0.023549096051886,0.234470994431777,TRUE
1980,7,3,0.130768828276441,0.110873143421185,0.153617868323684,0.0957544176011626,TRUE
1980,8,3,0.491655800419835,0.45501000499418,0.528391485131542,0.0750361398537289,TRUE
1980,9,3,0.817554417173812,0.793163481500367,0.839650562043693,0.0794733343462764,TRUE
1980,10,3,0.953234110474757,0.943773033843835,0.961168712694145,0.099092233395592,TRUE
1980,11,3,0.990756474342841,0.987792579918483,0.993005846823784,0.143429484143633,TRUE
1980,12,3,0.998283124576287,0.997177122351395,0.998956249184601,0.254269621905912,TRUE
1980,13,3,0.999606941097503,0.99896674164123,0.999850536917589,0.493454842728376,TRUE
1980,14,3,0.999870771470606,0.999411462818416,0.999971634714439,0.77374748095647,TRUE
1980,15,3,0.999939935009129,0.999563879396637,0.999991730193226,1.01168584000496,TRUE
1980,16,3,0.999964170081633,0.999637562452251,0.999996458961855,1.18083577829062,TRUE
1980,17,3,0.999975087102316,0.999692709802543,0.99999798076405,1.28200791700235,TRUE
1980,18,3,0.999981125892297,0.999751231446319,0.99999856832284,1.31582104899682,TRUE
1980,19,3,0.999985033004865,0.999819253430742,0.999998760823611,1.27115306365894,TRUE
1980,20,3,0.999987843718968,0.999891645140905,0.999998636308989,1.11617448142843,TRUE
1980,21,3,0.9999899966027,0.99995622054664,0.99999771433076,0.753214665839259,TRUE
1980,22,3,0.999991700951514,0,1,NA,FALSE
1980,23,3,0.999993071744264,0,1,NA,FALSE
1980,24,3,0.99999418219913,0,1,NA,FALSE
1981,0,4,3.45988309788997e-06,0,1,NA,FALSE
1981,1,4,5.98785444395786e-06,0,1,NA,FALSE
1981,2,4,1.92557497535711e-05,0,1,NA,FALSE
1981,3,4,0.00010897211904167,0,1,NA,FALSE
1981,4,4,0.000781440923797697,0.000300723326340348,0.00202904408236572,0.487473177363355,TRUE
1981,5,4,0.00558263711635263,0.00339012884337547,0.00918005159690365,0.255614762597338,TRUE
1981,6,4,0.0390999850225276,0.032067205805845,0.0475993007221024,0.104889936822224,TRUE
1981,7,4,0.204467705679281,0.180010478596723,0.231310473959924,0.0804479574047575,TRUE
1981,8,4,0.543502749947746,0.506907447823483,0.579634370777632,0.0749098157671529,TRUE
1981,9,4,0.82402561002895,0.800880184740084,0.845001327993941,0.0775822996389768,TRUE
1981,10,4,0.951980454495473,0.941340327172983,0.960771025766044,0.107851024648173,TRUE
1981,11,4,0.989231594730986,0.984368424575707,0.992593158896683,0.192659029061594,TRUE
1981,12,4,0.997378372890425,0.99368493117822,0.99891402289073,0.450443745536305,TRUE
1981,13,4,0.999136073057569,0.995721399171774,0.999826033643193,0.818033703944383,TRUE
1981,14,4,0.999596752928589,0.995977180078937,0.999959710296764,1.1754382106434,TRUE
1981,15,4,0.999753039963708,0.995600047803047,0.999986193015155,1.47160107076409,TRUE
1981,16,4,0.999820812794448,0.994900378498781,0.99999373373758,1.71096203411905,TRUE
1981,17,4,0.999857713952745,0.993986536704713,0.999996652638551,1.9132014765211,TRUE
1981,18,4,0.999882329137266,0.992943068457517,0.999998051287879,2.09230296375301,TRUE
1981,19,4,0.999901381078054,0.991904414407879,0.999998808134629,2.25302148302741,TRUE
1981,20,4,0.999917368477849,0.991074860121778,0.999999241676734,2.39347184791157,TRUE
1981,21,4,0.999931179567715,0.990700632499747,0.999999495358013,2.50794151163506,TRUE
1981,22,4,0.999943116837989,0.990996494172025,0.999999643813723,2.58849518645029,TRUE
1981,23,4,0.999953314082519,0.9920459735423,0.999999728132686,2.62552279931905,TRUE
1981,24,4,0.999961892263676,0.993722206549434,0.999999770111484,2.60750505377649,TRUE
1982,0,4,3.04518308247605e-06,0,1,NA,FALSE
1982,1,4,5.27015452897066e-06,0,1,NA,FALSE
1982,2,4,1.69477964279874e-05,0,1,NA,FALSE
1982,3,4,9.5911983356256e-05,0,1,NA,FALSE
1982,4,4,0.000687841910293965,0.00026471438527101,0.00178610100999343,0.487422683961607,TRUE
1982,5,4,0.00491679272662894,0.00298595971130922,0.00808604838646402,0.255450469443227,TRUE
1982,6,4,0.0345755031306596,0.0283591951532905,0.0420953860813544,0.104396001858007,TRUE
1982,7,4,0.184481399152646,0.161852013120774,0.20948393609902,0.0807344792258,TRUE
1982,8,4,0.511692342685043,0.474547977968887,0.548708028361246,0.0758555058956282,TRUE
1982,9,4,0.804740267920505,0.779712149458176,0.827553709246074,0.0776540980354722,TRUE
1982,10,4,0.945795486904472,0.933959767096744,0.95561082697323,0.107192260708089,TRUE
1982,11,4,0.987783039354333,0.982274556553686,0.991594316474084,0.192742371530826,TRUE
1982,12,4,0.997022415521936,0.992821340176478,0.998768000056574,0.451142392715988,TRUE
1982,13,4,0.999018536569418,0.995133291984756,0.999802684403405,0.818905305014522,TRUE
1982,14,4,0.999541862786416,0.995423608983204,0.999954306530851,1.17636136041814,TRUE
1982,15,4,0.999719417699734,0.99499468336695,0.999984341624938,1.4725403894471,TRUE
1982,16,4,0.999796415553362,0.994199293835912,0.999992893503635,1.71190290661086,TRUE
1982,17,4,0.999838340177963,0.993160777483846,0.999996203741326,1.91413523276895,TRUE
1982,18,4,0.999866306536294,0.991975373580722,0.999997789901702,2.09322422587068,TRUE
1982,19,4,0.999887952385464,0.990795877312214,0.999998648227013,2.25392792595203,TRUE
1982,20,4,0.999906116545208,0.989854174608406,0.999999139911508,2.39436399455843,TRUE
1982,21,4,0.999921808143827,0.989429539986037,0.999999427623624,2.50882244038988,TRUE
1982,22,4,0.999935370832389,0.989765536417523,0.999999596000963,2.58937045338797,TRUE
1982,23,4,0.99994695660246,0.990957142355664,0.999999691640178,2.62640084346846,TRUE
1982,24,4,0.999956702871495,0.992860971478766,0.999999739261594,2.60839844184666,TRUE
1983,0,4,2.78695612772548e-06,0,1,NA,FALSE
1983,1,4,4.82325424513718e-06,0,1,NA,FALSE
1983,2,4,1.55106670144575e-05,0,1,NA,FALSE
1983,3,4,8.7779482388457e-05,0,1,NA,FALSE
1983,4,4,0.000629550506654078,0.000241953590773248,0.0016370405778889,0.488094639784195,TRUE
1983,5,4,0.00450173186344806,0.00272871216170703,0.00741822692669125,0.256337298172991,TRUE
1983,6,4,0.0317365945820042,0.0259435105170411,0.0387717616486669,0.105876462059877,TRUE
1983,7,4,0.171520845782534,0.14983149757348,0.195627445081511,0.0821629322755651,TRUE
1983,8,4,0.489543180471762,0.452111456139535,0.527092535837426,0.076690066072996,TRUE
1983,9,4,0.790439670477152,0.764114308875826,0.814540144554146,0.0776583656057064,TRUE
1983,10,4,0.941069095073288,0.928312641060408,0.951673763208816,0.106939088965836,TRUE
1983,11,4,0.986666160233056,0.980657329933236,0.990825800947527,0.19292040530077,TRUE
1983,12,4,0.996747422307784,0.992154993977223,0.998655109624814,0.451563091974206,TRUE
1983,13,4,0.998927695771392,0.994679862858326,0.999784605369853,0.819377670394346,TRUE
1983,14,4,0.999499434949866,0.994996968152335,0.99995012042227,1.17684647947829,TRUE
1983,15,4,0.999693428083152,0.994528239172215,0.999982907182555,1.47302887845704,TRUE
1983,16,4,0.999777556462922,0.993659217087029,0.999992242459895,1.71238999974029,TRUE
1983,17,4,0.999823364098297,0.99252481566163,0.999995855911091,1.91461686992205,TRUE
1983,18,4,0.999853920866621,0.991230303808804,0.99999758736161,2.09369727070133,TRUE
1983,19,4,0.999877571791455,0.989942604666155,0.999998524316611,2.25439069455644,TRUE
1983,20,4,0.999897418587854,0.988914801131768,0.999999061052234,2.39481636495928,TRUE
1983,21,4,0.999914563831251,0.988451512786594,0.999999375132779,2.50926572388357,TRUE
1983,22,4,0.999929382985913,0.988818385254753,0.999999558945908,2.5898073021519,TRUE
1983,23,4,0.999942042107135,0.990119212154547,0.999999663355685,2.62683537810321,TRUE
1983,24,4,0.999952691329783,0.992198007394949,0.999999715347327,2.60883678414123,TRUE
1984,0,4,2.88823734299774e-06,0,1,NA,FALSE
1984,1,4,4.99853652380675e-06,0,1,NA,FALSE
1984,2,4,1.60743351951877e-05,0,1,NA,FALSE
1984,3,4,9.09692095195681e-05,0,1,NA,FALSE
1984,4,4,0.00065241424131864,0.000251046975745601,0.00169438932162485,0.487478943410904,TRUE
1984,5,4,0.00466456737178194,0.00283101218453758,0.0076765150463909,0.25571961425381,TRUE
1984,6,4,0.0328520526895746,0.0268876449232073,0.0400850270408005,0.10535673880565,TRUE
1984,7,4,0.176653001701597,0.154761773375647,0.200904752438064,0.0808898292615492,TRUE
1984,8,4,0.498465784049494,0.461877376186202,0.535070630431101,0.0748228749346377,TRUE
1984,9,4,0.796291319769419,0.770518779592189,0.819846150621388,0.0775684322291067,TRUE
1984,10,4,0.943017863636171,0.930424193537861,0.953446055131737,0.108738579037742,TRUE
1984,11,4,0.987127717734739,0.981278886739221,0.991165713693954,0.194145569451418,TRUE
1984,12,4,0.996861122074362,0.992426982554255,0.998702386878783,0.451632906043782,TRUE
1984,13,4,0.998965259235755,0.994869209630758,0.999792004602205,0.819003575388285,TRUE
1984,14,4,0.999516979730202,0.995176526400875,0.999951819683051,1.17631906366583,TRUE
1984,15,4,0.999704175426179,0.994724984812674,0.999983488078169,1.4724573239395,TRUE
1984,16,4,0.999785355191371,0.993886982739021,0.999992506143676,1.71182138112772,TRUE
1984,17,4,0.999829557114073,0.992792697013034,0.999995996960541,1.9140723029764,TRUE
1984,18,4,0.999859042685278,0.99154365427118,0.999997669625201,2.09318470586564,TRUE
1984,19,4,0.999881864460645,0.99030090006377,0.99999857472432,2.25391083771043,TRUE
1984,20,4,0.999901015442752,0.989308704609665,0.999999093178145,2.39436603394698,TRUE
1984,21,4,0.999917559564885,0.988861167397207,0.999999396541313,2.50883975911905,TRUE
1984,22,4,0.99993185913615,0.989214788577228,0.999999574071981,2.5893994800754,TRUE
1984,23,4,0.999944074396452,0.990469739403473,0.999999674908038,2.62643860768933,TRUE
1984,24,4,0.999954350221927,0.992475309438938,0.999999725116964,2.60844268320379,TRUE
1985,0,4,3.10799062921029e-06,0,1,NA,FALSE
1985,1,4,5.37885233670176e-06,0,1,NA,FALSE
1985,2,4,1.72973433627586e-05,0,1,NA,FALSE
1985,3,4,9.789000084999e-05,0,1,NA,FALSE
1985,4,4,0.000702018880134788,0.000270907958001409,0.00181793309147644,0.486035713864837,TRUE
1985,5,4,0.00501769408888631,0.00306213190576102,0.00821184532661851,0.252975364747197,TRUE
1985,6,4,0.0352634850056807,0.0292381333280465,0.0424762012761935,0.0987775224328293,TRUE
1985,7,4,0.187572668735636,0.166674303111926,0.210429684079653,0.0732272619924612,TRUE
1985,8,4,0.516792021053296,0.483488575312833,0.549946968799791,0.0679926148269336,TRUE
1985,9,4,0.807928272577295,0.78503693887582,0.828913174160223,0.0721134845416534,TRUE
1985,10,4,0.946832638213096,0.935426275331102,0.956318257377956,0.10535035200106,TRUE
1985,11,4,0.988026969472543,0.982639456014381,0.99175659670172,0.192356136973343,TRUE
1985,12,4,0.997082412392696,0.992969153158349,0.998792216843137,0.450867404383497,TRUE
1985,13,4,0.999038351371314,0.995234226140486,0.999806546602727,0.818576842459426,TRUE
1985,14,4,0.999551116883064,0.995518673026209,0.999955199811017,1.17601873214879,TRUE
1985,15,4,0.999725086280166,0.995098455286095,0.999984648243813,1.47221430990739,TRUE
1985,16,4,0.999800528863065,0.994319110082434,0.999993033096602,1.71160860566775,TRUE
1985,17,4,0.999841606558307,0.993301420061271,0.999996278580092,1.91387775394313,TRUE
1985,18,4,0.99986900792285,0.992139653761702,0.999997833623012,2.09300248720355,TRUE
1985,19,4,0.999890216447831,0.990983533939418,0.999998675050181,2.25373763645216,TRUE
1985,20,4,0.999908013611745,0.990060338734812,0.999999157021013,2.39419961012477,TRUE
1985,21,4,0.999923388160614,0.989643836469896,0.999999439031976,2.50867826723888,TRUE
1985,22,4,0.999936676806335,0.98997280153335,0.999999604064809,2.58924111879769,TRUE
1985,23,4,0.999948028472702,0.991140321890922,0.999999697800896,2.62628136109927,TRUE
1985,24,4,0.999957577803135,0.99300578900393,0.999999744473411,2.6082840049533,TRUE
1986,0,4,3.00991610045017e-06,0,1,NA,FALSE
1986,1,4,5.20911976315779e-06,0,1,NA,FALSE
1986,2,4,1.67515227056969e-05,0,1,NA,FALSE
1986,3,4,9.48013060623882e-05,0,1,NA,FALSE
1986,4,4,0.000679881243246025,0.000262551696632116,0.00175939446318577,0.485665896030193,TRUE
1986,5,4,0.00486012677016482,0.00296700131728691,0.00795154674893354,0.252766532747386,TRUE
1986,6,4,0.0341887650327616,0.0283284308595622,0.0412100162323539,0.0990225375568819,TRUE
1986,7,4,0.182735289450244,0.162346119203359,0.205058291719013,0.0729349856648082,TRUE
1986,8,4,0.508781357779022,0.475910124701199,0.541576835109063,0.0671253190867586,TRUE
1986,9,4,0.802903343936286,0.779424808732894,0.824445658267072,0.0725638369287668,TRUE
1986,10,4,0.945195181607399,0.933283900355361,0.955082211128666,0.10681328219881,TRUE
1986,11,4,0.98764166266555,0.982065584664952,0.99149906170751,0.192887441102702,TRUE
1986,12,4,0.996987632357355,0.992748327090526,0.998751769112993,0.450399606161569,TRUE
1986,13,4,0.999007048212926,0.995087466051772,0.999799927217933,0.817767195888746,TRUE
1986,14,4,0.999536497295602,0.995381654063241,0.999953656345718,1.17509562898225,TRUE
1986,15,4,0.999716131059252,0.994948938472877,0.999984118424198,1.47126223896303,TRUE
1986,16,4,0.999794030652315,0.994145842653824,0.999992792798109,1.71066681898499,TRUE
1986,17,4,0.999836446324865,0.993096922904212,0.999996150450327,1.91296615570976,TRUE
1986,18,4,0.999864740266194,0.991899368447147,0.999997759204049,2.09212965461658,TRUE
1986,19,4,0.999886639676021,0.99070751809103,0.999998629642865,2.25290469438872,TRUE
1986,20,4,0.999905016620294,0.989755633089659,0.999999128193261,2.39340293425708,TRUE
1986,21,4,0.999920892044858,0.989325885463512,0.999999419882063,2.50791130148032,TRUE
1986,22,4,0.999934613624041,0.989664421123707,0.999999590565623,2.58849528720699,TRUE
1986,23,4,0.999946335128042,0.990867328779334,0.999999687504075,2.62554612075493,TRUE
1986,24,4,0.999956195582665,0.992789897723069,0.999999735765407,2.60754595826542,TRUE
1987,0,4,3.69649468761962e-06,0,1,NA,FALSE
1987,1,4,6.39734571646652e-06,0,1,NA,FALSE
1987,2,4,2.05725736293412e-05,0,1,NA,FALSE
1987,3,4,0.000116423573041712,0,1,NA,FALSE
1987,4,4,0.000834837034954691,0.000320683062639407,0.0021715479046776,0.488426167657009,TRUE
1987,5,4,0.00596214300299134,0.00362070567573209,0.00980284360644211,0.255674977203912,TRUE
1987,6,4,0.0416625285691183,0.0343549884995169,0.0504432355521037,0.102272898073626,TRUE
1987,7,4,0.215438246816211,0.190715140383016,0.242406317901874,0.0780213776621299,TRUE
1987,8,4,0.559862124010276,0.522744279616146,0.596322438596603,0.0763088344534286,TRUE
1987,9,4,0.833413269094099,0.809791234915323,0.854628318215223,0.0823276929710507,TRUE
1987,10,4,0.954915605611138,0.944440086127591,0.963492371086452,0.1122247757015,TRUE
1987,11,4,0.989913927542989,0.985310568729651,0.993084815062385,0.194204524805618,TRUE
1987,12,4,0.997545771243498,0.994090953684608,0.998982741961475,0.450080320937944,TRUE
1987,13,4,0.999191328251061,0.996001311168907,0.999836875692603,0.817120328365126,TRUE
1987,14,4,0.999622555007461,0.996241739882799,0.999962208273942,1.17434523980758,TRUE
1987,15,4,0.999768844207075,0.995889850207776,0.999987047356962,1.47044042700367,TRUE
1987,16,4,0.999832280633275,0.995236237893625,0.999994121240663,1.70978052913933,TRUE
1987,17,4,0.999866820461331,0.994382191366449,0.999996859666797,1.91202455774974,TRUE
1987,18,4,0.999889860412712,0.993406675630632,0.999998171881267,2.09114527782754,TRUE
1987,19,4,0.999907693086774,0.992435348672675,0.999998881949395,2.25189015142656,TRUE
1987,20,4,0.999922657307657,0.991659289743336,0.999999288680205,2.39236839909302,TRUE
1987,21,4,0.999935584475791,0.991308925827988,0.999999526660881,2.50686330999904,TRUE
1987,22,4,0.999946757731997,0.991585284263233,0.999999665920506,2.58743622277414,TRUE
1987,23,4,0.999956302314778,0.992566504695947,0.999999745011113,2.62447367947592,TRUE
1987,24,4,0.999964331450641,0.994133735540657,0.999999784382028,2.60645191005933,TRUE
1988,0,4,7.29817013996354e-06,0,1,NA,FALSE
1988,1,4,1.26305591007531e-05,0,1,NA,FALSE
1988,2,4,4.06167697961569e-05,0,1,NA,FALSE
1988,3,4,0.000229835506645264,0,1,NA,FALSE
1988,4,4,0.00164692584366364,0.000636848270314258,0.00425222730860476,0.485287235332292,TRUE
1988,5,4,0.0117034047458011,0.00715486582653754,0.0190879780156866,0.253412302932973,TRUE
1988,6,4,0.0790477863577211,0.0655026114329895,0.0951088738914715,0.103350486821024,TRUE
1988,7,4,0.351555525838142,0.314840023529918,0.390114793099895,0.0843785883141624,TRUE
1988,8,4,0.715214203713285,0.680116021780028,0.747888888576904,0.0849708143389599,TRUE
1988,9,4,0.908066808877661,0.892184670386147,0.921814396090243,0.0903090757760344,TRUE
1988,10,4,0.976645386167698,0.970753688736141,0.981372969769117,0.117864283984244,TRUE
1988,11,4,0.994865906945303,0.992447437267457,0.996512659376451,0.198175908330537,TRUE
1988,12,4,0.998755439810606,0.996983742899316,0.999487008266555,0.452564421078204,TRUE
1988,13,4,0.999590248865831,0.997963182668458,0.999917676658426,0.819006279409307,TRUE
1988,14,4,0.999808790656373,0.99808683894837,0.999980919364691,1.17597418634233,TRUE
1988,15,4,0.999882907557359,0.997907899951885,0.999993458691779,1.47193373568383,TRUE
1988,16,4,0.999915044069561,0.99757482986256,0.999997030637787,1.71118831091269,TRUE
1988,17,4,0.999932540892739,0.997139187224583,0.999998413626546,1.91337031477536,TRUE
1988,18,4,0.999944211897552,0.996641116367678,0.999999076418811,2.09244256355121,TRUE
1988,19,4,0.99995324494728,0.99614472333396,0.999999435109387,2.25314940894444,TRUE
1988,20,4,0.999960824874048,0.995747811842891,0.999999640588837,2.39359962841274,TRUE
1988,21,4,0.999967372868744,0.995568575070249,0.999999760826092,2.5080771689946,TRUE
1988,22,4,0.999973032387629,0.995710115240337,0.999999831190984,2.58864485757393,TRUE
1988,23,4,0.999977866895421,0.996212114768267,0.999999871157588,2.62569195567994,TRUE
1988,24,4,0.999981933766036,0.997012869247299,0.999999891057475,2.60769968073485,TRUE
1989,0,5,4.73764106269226e-06,1.64948860951054e-07,0.000136056701631873,1.71312520621325,TRUE
1989,1,5,7.41954945341478e-06,1.48107326696288e-07,0.000371555342650232,1.99694674227075,TRUE
1989,2,5,2.16929061229318e-05,4.82428737077533e-07,0.000974535121175443,1.94183597522396,TRUE
1989,3,5,0.000140599344710353,1.33829206153804e-05,0.00147533555065774,1.20005380222598,TRUE
1989,4,5,0.00184956435533854,0.000672625214709364,0.00507541659631774,0.516690894879335,TRUE
1989,5,5,0.0267981117215571,0.0181417057419486,0.039419138206218,0.203561596662157,TRUE
1989,6,5,0.188420840520691,0.164931189015435,0.2143970014768,0.0824922425318462,TRUE
1989,7,5,0.497454100398963,0.463465058037592,0.531466688976905,0.0694997505615223,TRUE
1989,8,5,0.756401117485614,0.728420889801743,0.78235991703966,0.0747071473125577,TRUE
1989,9,5,0.911294095749926,0.897358849732399,0.923498691107855,0.0823088138452263,TRUE
1989,10,5,0.974664347583563,0.968543879889524,0.979619005440507,0.113614504068328,TRUE
1989,11,5,0.992660865503322,0.990222652187463,0.994494433146573,0.147608122673241,TRUE
1989,12,5,0.997230704594673,0.995595483796398,0.998259894355556,0.23759549371197,TRUE
1989,13,5,0.998530540549875,0.997032608712959,0.999272871529118,0.359338165524644,TRUE
1989,14,5,0.998970211545276,0.997515038216626,0.999573611502137,0.450192771630437,TRUE
1989,15,5,0.999139162214088,0.997656895619268,0.999684032068034,0.511647436365753,TRUE
1989,16,5,0.999210593120279,0.997562386623174,0.999744640464008,0.576104314424377,TRUE
1989,17,5,0.999247710089012,0.997227258706704,0.999796192378309,0.666590818269633,TRUE
1989,18,5,0.999277598553323,0.996649453409296,0.999844566662208,0.784163020379514,TRUE
1989,19,5,0.999312205676472,0.995851386186465,0.999886300924876,0.918643872101302,TRUE
1989,20,5,0.999355771816628,0.994878264277909,0.99991928450551,1.06006343015497,TRUE
1989,21,5,0.999408296030133,0.993789335186078,0.999943913937993,1.20239705238222,TRUE
1989,22,5,0.999467563534367,0.992642757520705,0.999961712284393,1.34330466491201,TRUE
1989,23,5,0.999530454509512,0.991478695016248,0.999974323879113,1.48301079813056,TRUE
1989,24,5,0.999593782591406,0.990307693174133,0.999983126481927,1.62326070364913,TRUE
1990,0,5,3.65300241550447e-06,1.26791086667438e-07,0.000105237035689322,1.71470878834989,TRUE
1990,1,5,5.72091645573887e-06,1.13860740163525e-07,0.000287367274133163,1.998462117108,TRUE
1990,2,5,1.67265829189438e-05,3.70980042893093e-07,0.000753617302243583,1.94321050884918,TRUE
1990,3,5,0.00010841381081345,1.02941289967444e-05,0.00114070575112498,1.20128731884286,TRUE
1990,4,5,0.00142672646980411,0.000518078360258997,0.00392278096595054,0.517316110024397,TRUE
1990,5,5,0.0207904657224012,0.0140615578806898,0.0306393068399571,0.203012961294347,TRUE
1990,6,5,0.151833172770348,0.132558486809649,0.173350415037052,0.0807306444377228,TRUE
1990,7,5,0.432864205042733,0.400848598150591,0.465450424211968,0.067223592814852,TRUE
1990,8,5,0.705381573204968,0.675371499836322,0.733711234129169,0.0716729429693615,TRUE
1990,9,5,0.887908002838662,0.871671420207451,0.902320481971404,0.0784349427968319,TRUE
1990,10,5,0.967387059975519,0.959829755592648,0.973561756589531,0.110338835256869,TRUE
1990,11,5,0.990502437492939,0.98741306270322,0.992839046196698,0.145282382917576,TRUE
1990,12,5,0.996411400460953,0.994307040891131,0.997739667614021,0.236525934561784,TRUE
1990,13,5,0.998095062082079,0.99615866263266,0.999056256772401,0.358839828110137,TRUE
1990,14,5,0.998664856599404,0.996781964579203,0.999446668660153,0.449814154352378,TRUE
1990,15,5,0.998883848886557,0.996966050831308,0.999589880959943,0.511183195273922,TRUE
1990,16,5,0.998976443570286,0.996844806655963,0.99966843350468,0.575471093844669,TRUE
1990,17,5,0.999024559223693,0.996412531922988,0.999735280680387,0.665793109703375,TRUE
1990,18,5,0.999063305156991,0.995666720457256,0.999798061178444,0.783242933787238,TRUE
1990,19,5,0.999108168986188,0.994636713923162,0.999852256128117,0.917639802260761,TRUE
1990,20,5,0.999164648376883,0.993381325059905,0.999895102798429,1.05900042970045,TRUE
1990,21,5,0.999232743006983,0.991977372393544,0.99992710430678,1.20129090136814,TRUE
1990,22,5,0.999309582476775,0.990500065139323,0.999950233651738,1.34216669895025,TRUE
1990,23,5,0.999391122681704,0.989001210396248,0.999966624632909,1.48185088793867,TRUE
1990,24,5,0.999473232686551,0.987494338434328,0.999978066208075,1.62208870155318,TRUE
1991,0,5,2.35933706444342e-06,8.18430363529077e-08,6.80096788546215e-05,1.71499835488342,TRUE
1991,1,5,3.69492778433062e-06,7.34353637693322e-08,0.000185878475925597,1.99917668213359,TRUE
1991,2,5,1.08031217244122e-05,2.39261433588115e-07,0.000487554673964287,1.94393580463267,TRUE
1991,3,5,7.00230065539126e-05,6.64524562875514e-06,0.000737408325136739,1.20154533243639,TRUE
1991,4,5,0.000921933666167201,0.000335075103314033,0.00253402493401499,0.516696130810082,TRUE
1991,5,5,0.0135273615453405,0.00911045855916087,0.0200423400794648,0.203962343228072,TRUE
1991,6,5,0.103635704266748,0.0886055987869894,0.120877212536477,0.0884279943932023,TRUE
1991,7,5,0.330185821761183,0.298399852504207,0.363602947943092,0.0752996190905684,TRUE
1991,8,5,0.607278744675232,0.571096385614118,0.642320451334012,0.0763085644857642,TRUE
1991,9,5,0.836495164071874,0.813440514234459,0.857200915117786,0.0815604363682759,TRUE
1991,10,5,0.950391862956303,0.938861222737441,0.95984086883173,0.112858275278668,TRUE
1991,11,5,0.985370924342394,0.980591722581719,0.988986486850341,0.146712170154822,TRUE
1991,12,5,0.994454613677277,0.991218083237689,0.996502546148977,0.236222856483434,TRUE
1991,13,5,0.997053625363096,0.994078274627552,0.998536222576589,0.357680542416402,TRUE
1991,14,5,0.997934283967604,0.995040058349235,0.999141128506779,0.448386552420019,TRUE
1991,15,5,0.998272898673991,0.995322440565504,0.99936349028894,0.509852203032827,TRUE
1991,16,5,0.998416096755704,0.995132304679589,0.999485757228245,0.574511984715747,TRUE
1991,17,5,0.998490513561337,0.994461367206522,0.999589816948246,0.665329366920169,TRUE
1991,18,5,0.998550441789275,0.993306586771417,0.999687369613899,0.783244198225595,TRUE
1991,19,5,0.99861983572954,0.991714256659816,0.999771431179793,0.918013288478749,TRUE
1991,20,5,0.99870720110217,0.989776236927873,0.99983780353554,1.0596561637027,TRUE
1991,21,5,0.998812540746432,0.987612012155137,0.999887330564667,1.2021590956299,TRUE
1991,22,5,0.998931417747582,0.985338187992689,0.999923103098664,1.34319545902579,TRUE
1991,23,5,0.99905757812542,0.9830349140688,0.999948441512802,1.48300046148947,TRUE
1991,24,5,0.999184631503796,0.980723285773994,0.999966122205557,1.6233268737999,TRUE
1992,0,5,1.86501825388292e-06,6.46993697365119e-08,5.37581565836519e-05,1.71496848224286,TRUE
1992,1,5,2.92078219629404e-06,5.80614439790023e-08,0.000146909275881894,1.99907130932761,TRUE
1992,2,5,8.53971022740065e-06,1.89168367988146e-07,0.000385369811581943,1.94383839764517,TRUE
1992,3,5,5.53528526286907e-05,5.2523488614598e-06,0.000583067658325792,1.20160520177951,TRUE
1992,4,5,0.000728914270176421,0.000264455702351028,0.00200745471671396,0.517533517414961,TRUE
1992,5,5,0.0107235506130035,0.00716868866910338,0.0160127922424339,0.207303055793985,TRUE
1992,6,5,0.0837406195072631,0.0703453001437859,0.0994139374061387,0.0963394843662395,TRUE
1992,7,5,0.28040469792879,0.248762800940994,0.314387021478603,0.0830456822458968,TRUE
1992,8,5,0.550026431012009,0.510063998387293,0.589353528658937,0.081897452202085,TRUE
1992,9,5,0.801749978608575,0.773868565253762,0.826962360432179,0.085196563741339,TRUE
1992,10,5,0.938057759879733,0.923604397716342,0.949924929179182,0.114925825444556,TRUE
1992,11,5,0.981564992366291,0.975504732568164,0.986147203174603,0.148177061820439,TRUE
1992,12,5,0.992995114032797,0.988897792287109,0.995587047900697,0.237081316911327,TRUE
1992,13,5,0.996275602181202,0.992512743195377,0.998150890209733,0.358211367781468,TRUE
1992,14,5,0.997388199378341,0.993728423477395,0.998914647131569,0.448816406993418,TRUE
1992,15,5,0.997816133047377,0.994084962162454,0.999195607887948,0.510288511002877,TRUE
1992,16,5,0.997997126671269,0.993844256525679,0.999350163813435,0.57499659466448,TRUE
1992,17,5,0.998091190388657,0.992996379125495,0.99948169587767,0.665861777768806,TRUE
1992,18,5,0.99816694306973,0.991538213834582,0.999604977929348,0.78380945696494,TRUE
1992,19,5,0.998254663953942,0.989529207490743,0.999711198768019,0.918599398733138,TRUE
1992,20,5,0.998365107113944,0.987086414401636,0.9997950635838,1.06025625556144,TRUE
1992,21,5,0.998498279294989,0.984361493249306,0.999857642222016,1.20276898673621,TRUE
1992,22,5,0.998648574563012,0.981501983104393,0.999902841093714,1.34381169397909,TRUE
1992,23,5,0.99880808850419,0.978609041342632,0.999934855973484,1.48361933400918,TRUE
1992,24,5,0.998968742311359,0.975709331035038,0.99995719514869,1.62394409177593,TRUE
1993,0,5,2.24994320906123e-06,7.80372181388034e-08,6.48656959054218e-05,1.71507057495616,TRUE
1993,1,5,3.52360767625497e-06,7.00555637655987e-08,0.000177197883303937,1.99899357384119,TRUE
1993,2,5,1.03022244014995e-05,2.28279018832696e-07,0.000464732436075315,1.94368701092854,TRUE
1993,3,5,6.67765046073887e-05,6.33885928274024e-06,0.000703049762795642,1.20140621014639,TRUE
1993,4,5,0.000879224452130765,0.000319283045793959,0.00241878494004754,0.517112814009307,TRUE
1993,5,5,0.0129082419661249,0.00866431807613995,0.0191906676639807,0.205586942911881,TRUE
1993,6,5,0.0993076790909749,0.0844424748243038,0.116456886257585,0.0910842516850157,TRUE
1993,7,5,0.319771836834051,0.287886739183463,0.353435660367419,0.0769653390053021,TRUE
1993,8,5,0.595900364114917,0.558817158973116,0.631919669430235,0.0775774811389,TRUE
1993,9,5,0.829897692068619,0.805653720492812,0.851674119614534,0.0831085955446813,TRUE
1993,10,5,0.948105044060314,0.935902829107347,0.958088342555955,0.114355303233538,TRUE
1993,11,5,0.984670549993162,0.979604133562076,0.988493230907453,0.148326711715171,TRUE
1993,12,5,0.994186559801168,0.990767932475493,0.996343943506718,0.237736539181276,TRUE
1993,13,5,0.996910812715438,0.993774860195893,0.99846944288957,0.359107867611255,TRUE
1993,14,5,0.997834064672639,0.99478531889285,0.999101980536442,0.449847902817506,TRUE
1993,15,5,0.998189077637272,0.995081661245675,0.999334535002025,0.511362673604288,TRUE
1993,16,5,0.998339213958544,0.994882019573851,0.999462336560418,0.575999287921283,TRUE
1993,17,5,0.998417237235881,0.994178032404438,0.999571041228497,0.666706811699734,TRUE
1993,18,5,0.998480070184016,0.992966594766258,0.999672964263348,0.78447563156233,TRUE
1993,19,5,0.998552828104845,0.991296411612089,0.999760833990992,0.919107516375905,TRUE
1993,20,5,0.998644429349646,0.989264073746549,0.999830245406414,1.06063718493391,TRUE
1993,21,5,0.998754877375607,0.986995133313973,0.999882059135927,1.20304960694569,TRUE
1993,22,5,0.998879520603035,0.984612036680529,0.999919493570563,1.34401217288137,TRUE
1993,23,5,0.999011802069201,0.982198911917191,0.999946014628303,1.48375409944103,TRUE
1993,24,5,0.999145021502823,0.97977793193491,0.999964523562243,1.62402343124065,TRUE
1994,0,5,3.31777408996524e-06,1.14988820778428e-07,9.57192444043802e-05,1.71544870136458,TRUE
1994,1,5,5.19592100708534e-06,1.03176172151053e-07,0.000261599259761123,1.99962670861752,TRUE
1994,2,5,1.51916379157671e-05,3.36226693389384e-07,0.000685949359519976,1.94428555256336,TRUE
1994,3,5,9.84658507201639e-05,9.34384882619434e-06,0.00103675575119217,1.20159385223462,TRUE
1994,4,5,0.00129596803565698,0.000471543544079524,0.00355664850543852,0.516247708871816,TRUE
1994,5,5,0.0189186571837182,0.0127618087877052,0.0279617063437144,0.204058611740038,TRUE
1994,6,5,0.139848286549062,0.119901910163011,0.162500190717782,0.0902102069237841,TRUE
1994,7,5,0.409403855931378,0.373611924074507,0.446182237447227,0.0766963773287956,TRUE
1994,8,5,0.684990506667241,0.651043158312927,0.717070563079773,0.0781517012066356,TRUE
1994,9,5,0.877964326945227,0.858859113417139,0.894800176900666,0.0854333299346337,TRUE
1994,10,5,0.964209769197858,0.955361000356084,0.971357040381413,0.11742691734405,TRUE
1994,11,5,0.989552824547796,0.986002170446819,0.99220994441247,0.151107484954258,TRUE
1994,12,5,0.996050238731559,0.993701724250672,0.99752521508155,0.239280610115484,TRUE
1994,13,5,0.997902989827867,0.99576324601703,0.998963195769612,0.359920565543203,TRUE
1994,14,5,0.998530151331576,0.996453769933698,0.999391516528723,0.450420133774573,TRUE
1994,15,5,0.998771210999403,0.996655724405436,0.999549110790249,0.511918238269064,TRUE
1994,16,5,0.998873139458367,0.996519267719544,0.99963576930608,0.576626167513196,TRUE
1994,17,5,0.998926106042697,0.996038987387446,0.9997094639771,0.667411679678056,TRUE
1994,18,5,0.998968758643423,0.995212411457341,0.999778527606239,0.785234267669652,TRUE
1994,19,5,0.999018146411249,0.994071982858156,0.999838048582927,0.919897606409944,TRUE
1994,20,5,0.999080321656761,0.992682720614385,0.999885057136438,1.06144499803916,TRUE
1994,21,5,0.99915528446318,0.991129634718781,0.999920143686067,1.20386711976451,TRUE
1994,22,5,0.999239875371997,0.98949602106922,0.999945491198726,1.34483396038091,TRUE
1994,23,5,0.999329642654773,0.987839346548323,0.999963448202531,1.48457553841297,TRUE
1994,24,5,0.999420038722603,0.986174811133336,0.999975979928804,1.62483989083023,TRUE
1995,0,5,4.04916952303988e-06,1.40513515380292e-07,0.000116671989272136,1.7148107512099,TRUE
1995,1,5,6.34134685020052e-06,1.25963803268096e-07,0.000319142087301015,1.99945413185885,TRUE
1995,2,5,1.85405499500043e-05,4.10318950938101e-07,0.000837097173535094,1.9443208526521,TRUE
1995,3,5,0.000120169893497912,1.14011880600465e-05,0.00126529216530609,1.20170459729707,TRUE
1995,4,5,0.00158121053100451,0.000574218892293227,0.00434645533101509,0.517327567543482,TRUE
1995,5,5,0.0229933513574611,0.0153453783997329,0.0343201367887448,0.210303986839615,TRUE
1995,6,5,0.165573123182651,0.138840248177366,0.196280066190129,0.105932490383412,TRUE
1995,7,5,0.458294149628728,0.413379423670098,0.50389705295307,0.093267246482378,TRUE
1995,8,5,0.726317910261124,0.688241772998564,0.761356163949608,0.0939345929402387,TRUE
1995,9,5,0.897753685769488,0.877977497246974,0.914636373923375,0.101581205254905,TRUE
1995,10,5,0.970483710845703,0.962173403227342,0.977011906960089,0.130956548587569,TRUE
1995,11,5,0.991423704462807,0.988267972845729,0.993735973976527,0.161486899914007,TRUE
1995,12,5,0.996761369993229,0.994777910712819,0.997992989683906,0.244769320024531,TRUE
1995,13,5,0.99828111981541,0.996506711175939,0.999154985642096,0.362736089372896,TRUE
1995,14,5,0.998795328941316,0.997081410375795,0.999503263869073,0.452361069694236,TRUE
1995,15,5,0.998992942533118,0.997248171902244,0.999631866188151,0.513775170622325,TRUE
1995,16,5,0.999076495293778,0.997134525133634,0.999702758952335,0.57871426867312,TRUE
1995,17,5,0.999119911828721,0.996737137778165,0.999763028500729,0.669770315104017,TRUE
1995,18,5,0.999154873421266,0.996054126138197,0.999819432654812,0.787793813643487,TRUE
1995,19,5,0.999195355039611,0.995111959484947,0.999867995847084,0.92258874337464,TRUE
1995,20,5,0.999246317128835,0.993963917156689,0.999906328619172,1.06422326300526,TRUE
1995,21,5,0.999307759050793,0.992679909100079,0.999934930038286,1.20670506683912,TRUE
1995,22,5,0.999377090476011,0.99132863604203,0.999955587817954,1.34771158601921,TRUE
1995,23,5,0.999450662183727,0.989957648520719,0.999970220010667,1.48747458867912,TRUE
1995,24,5,0.999524746821517,0.988579659331732,0.999980430169232,1.62774130382351,TRUE
1996,0,5,4.93408228937768e-06,1.70891591086891e-07,0.000142440808163656,1.71579548374267,TRUE
1996,1,5,7.72719228785543e-06,1.53312495063085e-07,0.000389317048011224,2.0000521273994,TRUE
1996,2,5,2.25923634232497e-05,4.99353256189426e-07,0.00102115376680514,1.94497224252242,TRUE
1996,3,5,0.000146428321485951,1.38474412924457e-05,0.00154642795543552,1.20337321214181,TRUE
1996,4,5,0.001926107230028,0.000693097223187535,0.00534090090291612,0.522111946113712,TRUE
1996,5,5,0.0278782950232435,0.0182586554580628,0.0423474623827581,0.220951029513432,TRUE
1996,6,5,0.194712317604531,0.159001544105975,0.236191009448659,0.125512256470913,TRUE
1996,7,5,0.507610377288794,0.449941957516373,0.565076983474611,0.11803741059226,TRUE
1996,8,5,0.763808901542125,0.718500363301021,0.803816059571743,0.120737605442844,TRUE
1996,9,5,0.914523897702189,0.893144611475986,0.931951585730589,0.125968984307195,TRUE
1996,10,5,0.975648480530635,0.967680490947241,0.981689228562945,0.148613542667356,TRUE
1996,11,5,0.992951001070445,0.990086507457972,0.994991988756974,0.175462458481949,TRUE
1996,12,5,0.997340666212145,0.995622361013249,0.998385598122814,0.255187480970278,TRUE
1996,13,5,0.998588962045924,0.997084806559071,0.999317548012743,0.370985400309534,TRUE
1996,14,5,0.999011170292948,0.997568683963154,0.999598182199332,0.459758854530999,TRUE
1996,15,5,0.999173406687724,0.99771010901695,0.999701899898263,0.52062806667334,TRUE
1996,16,5,0.99924199819947,0.997618964685614,0.99975895769042,0.584822227046665,TRUE
1996,17,5,0.999277639606386,0.997293688780463,0.999807470526544,0.67491291037058,TRUE
1996,18,5,0.999306339796974,0.996732875320795,0.999853024308812,0.791984923810552,TRUE
1996,19,5,0.999339570961657,0.995958298851114,0.999892389073295,0.925996872830212,TRUE
1996,20,5,0.999381404807997,0.995013814899298,0.999923549899209,1.06703755127213,TRUE
1996,21,5,0.999431840340333,0.993956959497826,0.999946847534223,1.2090799420902,TRUE
1996,22,5,0.999488750755974,0.992844270582923,0.999963698798891,1.34976024995064,TRUE
1996,23,5,0.999549140242153,0.991714878810832,0.999975647024368,1.48927680279979,TRUE
1996,24,5,0.999609949143575,0.990579212955886,0.999983990550367,1.62935243927308,TRUE
1997,0,6,4.76699886726047e-05,1.9042319690027e-07,0.0117939445123132,2.81783537220449,TRUE
1997,1,6,9.28887966287926e-05,1.36262254914976e-06,0.00629345809596405,2.1541637593688,TRUE
1997,2,6,0.000319339060354243,2.83997097521294e-05,0.00358012056871917,1.23480100010142,TRUE
1997,3,6,0.001688235556052,0.000625084556061341,0.00455137097554516,0.507466806857013,TRUE
1997,4,6,0.00928577386112356,0.00620416937193328,0.0138766355120774,0.207334244237396,TRUE
1997,5,6,0.0431759130265456,0.0336011364535934,0.0553228705836369,0.133002431360037,TRUE
1997,6,6,0.17724802146603,0.149707989160308,0.208611322147531,0.102955149580984,TRUE
1997,7,6,0.486265973815299,0.43749493331223,0.535299965376858,0.100198315370371,TRUE
1997,8,6,0.747593320052058,0.707069599845694,0.78422182742765,0.104401652085857,TRUE
1997,9,6,0.874252117416709,0.849301212681202,0.895579857821791,0.107123895648076,TRUE
1997,10,6,0.942917951304224,0.927183605493067,0.955415867766471,0.132797902465055,TRUE
1997,11,6,0.979984364658978,0.971832593765079,0.985811420588245,0.178577170756659,TRUE
1997,12,6,0.994225551668689,0.989815608439754,0.996732249584369,0.291770160667142,TRUE
1997,13,6,0.998228409440223,0.9930697680155,0.999548868779131,0.698582591474508,TRUE
1997,14,6,0.999280258247585,0.99090364011298,0.99994349094744,1.29857238865702,TRUE
1997,15,6,0.9995940404919,0.983880504168051,0.999989932893864,1.88645104407289,TRUE
1997,16,6,0.999704856170039,0.970865502219414,0.999997095481909,2.35794516078169,TRUE
1997,17,6,0.999749758340975,0.952079109492247,0.999998755244021,2.70603778797021,TRUE
1997,18,6,0.999771130263856,0.929175051378848,0.999999312478114,2.96334160895821,TRUE
1997,19,6,0.999784969238519,0.903931918083742,0.999999564744375,3.16476095453873,TRUE
1997,20,6,0.999798002489242,0.877553748366151,0.999999707453027,3.33556493059923,TRUE
1997,21,6,0.99981282951467,0.850788804193842,0.999999800171425,3.49113674329408,TRUE
1997,22,6,0.999829937354547,0.824260251040063,0.999999864306238,3.63970539673178,TRUE
1997,23,6,0.999848752302922,0.798688270240522,0.99999990921437,3.78492889038572,TRUE
1997,24,6,0.999868281786712,0.774968812948934,0.999999940234912,3.92768959704378,TRUE
1998,0,6,4.4712673709579e-05,1.78987176592607e-07,0.011047237012244,2.81675718671344,TRUE
1998,1,6,8.71264756347307e-05,1.28229929402431e-06,0.00588602621758186,2.15248438095865,TRUE
1998,2,6,0.000299533191965815,2.67871355215658e-05,0.00334009790275629,1.23194930682494,TRUE
1998,3,6,0.0015836632531529,0.000592664066479632,0.00422471678864459,0.501978762625517,TRUE
1998,4,6,0.00871470468723736,0.00593353330322203,0.0127827064587573,0.197551392864675,TRUE
1998,5,6,0.0406060471495897,0.0324664561994684,0.0506794066463765,0.118450069197912,TRUE
1998,6,6,0.168100057586475,0.147405858571731,0.191048495653728,0.0795632572826069,TRUE
1998,7,6,0.470285574316214,0.434454162838686,0.506425908592223,0.0738294058213952,TRUE
1998,8,6,0.735317142008665,0.703834680498092,0.76457242018627,0.0796666962308985,TRUE
1998,9,6,0.867040581853102,0.847112473791774,0.884724635229522,0.0831193230355542,TRUE
1998,10,6,0.939371251262154,0.925340531206945,0.9509050819787,0.113888385821143,TRUE
1998,11,6,0.978688673230359,0.970809566308256,0.984475055069429,0.164638533913593,TRUE
1998,12,6,0.993845959521201,0.989327357361797,0.996458316638485,0.283235714325332,TRUE
1998,13,6,0.998111451411645,0.992666148477962,0.999515650398854,0.694993778421196,TRUE
1998,14,6,0.999232688486145,0.990344156414022,0.999939524450874,1.29663650800951,TRUE
1998,15,6,0.999567200501383,0.982876148429683,0.999989239259155,1.88513275061165,TRUE
1998,16,6,0.999685340445667,0.969058920836931,0.99999689709429,2.35691263653933,TRUE
1998,17,6,0.999733210879688,0.949153691985064,0.99999867063411,2.70516296102663,TRUE
1998,18,6,0.999755995695827,0.924947797443325,0.999999265891248,2.96256834782549,TRUE
1998,19,6,0.999770749596509,0.89834947314116,0.999999535319074,3.16406220789746,TRUE
1998,20,6,0.999784644529711,0.870644589454116,0.999999687712168,3.3349261055718,TRUE
1998,21,6,0.999800451860661,0.842627052088612,0.999999786708311,3.49054856873951,TRUE
1998,22,6,0.999818690843209,0.814950125868577,0.999999855176464,3.6391607847783,TRUE
1998,23,6,0.999838749853164,0.788359035604161,0.999999903113206,3.78442162550133,TRUE
1998,24,6,0.999859570697076,0.763771336670141,0.999999936222396,3.92721386767382,TRUE
1999,0,6,3.08287488027953e-05,1.23393972287659e-07,0.00764384976824624,2.8168126671406,TRUE
1999,1,6,6.00732496066163e-05,8.82813926715392e-07,0.004071673607756,2.15323582424516,TRUE
1999,2,6,0.000206540193643277,1.84028980274231e-05,0.00231360075112997,1.23378544689121,TRUE
1999,3,6,0.0010924352162004,0.00040592699829797,0.00293656288315852,0.505457406879076,TRUE
1999,4,6,0.00602488485608973,0.00406500292448176,0.00892123097180493,0.20176581256565,TRUE
1999,5,6,0.0283544249419259,0.022405175033507,0.0358254894132183,0.123265189355321,TRUE
1999,6,6,0.122284092817019,0.10493249961961,0.142049580148378,0.088065825556606,TRUE
1999,7,6,0.379700146321161,0.34346950734509,0.417323246900971,0.0801288495383039,TRUE
1999,8,6,0.656998367739607,0.620528576282717,0.691704540633263,0.0806922812552584,TRUE
1999,9,6,0.818054030046661,0.792983993085001,0.840697943378608,0.0817421619344747,TRUE
1999,10,6,0.914402781890323,0.89541326321659,0.930213148106248,0.112935624591689,TRUE
1999,11,6,0.969384403498048,0.958210377724865,0.9776403532251,0.164662387288641,TRUE
1999,12,6,0.991098994306695,0.984584431319892,0.99487485737145,0.283580950702627,TRUE
1999,13,6,0.997263221191084,0.989397901296027,0.999297681977518,0.695006919675373,TRUE
1999,14,6,0.998887493827799,0.986061981101399,0.999912252093877,1.29641562579977,TRUE
1999,15,6,0.999372400087112,0.975370193087249,0.99998438245606,1.88478982090668,TRUE
1999,16,6,0.999543689825296,0.955773413035605,0.999995496125237,2.3565160625849,TRUE
1999,17,6,0.999613101802387,0.927958292515154,0.999998070373943,2.7047539940108,TRUE
1999,18,6,0.999646140764525,0.894778622915829,0.999998934435758,2.9621705463198,TRUE
1999,19,6,0.999667534915936,0.859111438702244,0.999999325542821,3.1636876138774,TRUE
1999,20,6,0.999687683766495,0.822813353910253,0.999999546757548,3.33457976180098,TRUE
1999,21,6,0.999710606065197,0.78696105423349,0.999999690454602,3.49023173491859,TRUE
1999,22,6,0.99973705492095,0.752360644138193,0.999999789832853,3.63887302913804,TRUE
1999,23,6,0.999766143550747,0.719856098214469,0.999999859406156,3.78416202947679,TRUE
1999,24,6,0.999796337512067,0.690423553059494,0.999999907456344,3.92698161365843,TRUE
2000,0,6,3.43704665842007e-05,1.37591617690681e-07,0.00851325390813739,2.81673398919524,TRUE
2000,1,6,6.69744560271199e-05,9.85148516069554e-07,0.00453316186582367,2.15276412711697,TRUE
2000,2,6,0.000230263627212414,2.05521701158745e-05,0.00257433249592063,1.23291452165028,TRUE
2000,3,6,0.00121778958377343,0.000453204485859181,0.00326806148890693,0.504710536933514,TRUE
2000,4,6,0.00671242290150291,0.00451404243732193,0.00997071164226656,0.203563784095948,TRUE
2000,5,6,0.0315093515099584,0.0247345896553017,0.0400634819936875,0.12706995879562,TRUE
2000,6,6,0.134444216951023,0.11516596514513,0.156379226412591,0.090207462592407,TRUE
2000,7,6,0.405628315752911,0.368337832625894,0.444040167981544,0.0802497259205058,TRUE
2000,8,6,0.681071396864706,0.645894135654805,0.714299863508935,0.0804403481840713,TRUE
2000,9,6,0.833685015144259,0.810093934067514,0.854870515709186,0.0823237132174298,TRUE
2000,10,6,0.922540204388313,0.904885115386638,0.937145812360411,0.11461914843901,TRUE
2000,11,6,0.972452386754314,0.962275553768058,0.979941068310461,0.165774828680342,TRUE
2000,12,6,0.992008900373192,0.986177982863502,0.995391498265566,0.282571325403408,TRUE
2000,13,6,0.997544549808325,0.990512290203917,0.999367848013503,0.693258488051789,TRUE
2000,14,6,0.999002021572666,0.987522591050381,0.999921023496466,1.29466704118192,TRUE
2000,15,6,0.999437036943604,0.977922983424285,0.999985945769286,1.88311603389082,TRUE
2000,16,6,0.999590692683673,0.960270191899409,0.9999959474365,2.35490141129019,TRUE
2000,17,6,0.999652957266855,0.935086544586927,0.999998263864067,2.7031779234861,TRUE
2000,18,6,0.999682593873869,0.904848926667633,0.999999041331812,2.9606201514602,TRUE
2000,19,6,0.999701784746103,0.872103031961781,0.999999393227266,3.16215717359847,TRUE
2000,20,6,0.999719858487563,0.838517996349264,0.999999592257124,3.3330679604522,TRUE
2000,21,6,0.99974041995137,0.805084747728554,0.99999972153939,3.48873917192127,TRUE
2000,22,6,0.99976414464105,0.772570292734918,0.99999981094546,3.63740059145163,TRUE
2000,23,6,0.99979023706531,0.741800404403605,0.999999873534761,3.78271005122093,TRUE
2000,24,6,0.999817320803573,0.713748627017991,0.999999916759526,3.92554957499678,TRUE
2001,0,6,3.69703807690954e-05,1.47861894795483e-07,0.00915982623599834,2.81721017488087,TRUE
2001,1,6,7.20404835981155e-05,1.05839802479535e-06,0.00488024563990773,2.15337770671714,TRUE
2001,2,6,0.000247677982677069,2.20593003226263e-05,0.00277448275354858,1.23401287849153,TRUE
2001,3,6,0.00130979061374399,0.00048465433301362,0.00353477420420679,0.507668778791792,TRUE
2001,4,6,0.00721653078548023,0.00478071866516776,0.0108798400567267,0.211347743913912,TRUE
2001,5,6,0.033812333790059,0.0259916751481931,0.043880144813456,0.138324533947029,TRUE
2001,6,6,0.143158511892088,0.120050810040378,0.169855486659052,0.103394067214799,TRUE
2001,7,6,0.423323305158566,0.378390691065362,0.469561028690694,0.095531832940044,TRUE
2001,8,6,0.696697759615636,0.654653529159474,0.73568992923799,0.0979936010600804,TRUE
2001,9,6,0.843551512553906,0.816065281921685,0.867596754663871,0.0994817848975869,TRUE
2001,10,6,0.927593258482199,0.909235197593604,0.942473149334745,0.125492966950265,TRUE
2001,11,6,0.97434000657672,0.964381008540725,0.98156770955538,0.172564258940005,TRUE
2001,12,6,0.992566710337079,0.987007255741116,0.995757559399889,0.287780485437494,TRUE
2001,13,6,0.997716839164571,0.99111537758909,0.999416165147995,0.696645303012645,TRUE
2001,14,6,0.999072140944938,0.988330650209245,0.99992695437582,1.29729467877405,TRUE
2001,15,6,0.99947660753555,0.979353242289809,0.99998699256938,1.88540267242694,TRUE
2001,16,6,0.999619466948076,0.962813297445727,0.999996247954137,2.35700690067222,TRUE
2001,17,6,0.999677355749989,0.939151486648138,0.999998392269947,2.70517630647045,TRUE
2001,18,6,0.999704909400824,0.910637433490702,0.999999112115287,2.96254935768134,TRUE
2001,19,6,0.999722751415489,0.879628802286515,0.999999437974347,3.16403723680926,TRUE
2001,20,6,0.999739554774454,0.847684579615109,0.99999962229799,3.33490944433289,TRUE
2001,21,6,0.999758670944686,0.815741846123846,0.999999742038567,3.49054764344135,TRUE
2001,22,6,0.999780727924596,0.784539267756123,0.999999824852634,3.63917911578112,TRUE
2001,23,6,0.999804986115917,0.754885074712568,0.99999988283133,3.78446057771635,TRUE
2001,24,6,0.999830165840153,0.72774335936909,0.999999922874613,3.92727368205193,TRUE
2002,0,6,3.22917759183385e-05,1.28974030503596e-07,0.00802069849855253,2.81790328698772,TRUE
2002,1,6,6.29240335075903e-05,9.23004079858736e-07,0.00427193357620985,2.15417826146554,TRUE
2002,2,6,0.000216340081705269,1.92315872280508e-05,0.00242874742863551,1.23496894704443,TRUE
2002,3,6,0.00114422081222933,0.000422631560815042,0.00309401776834778,0.508530028626047,TRUE
2002,4,6,0.00630901061172338,0.00418610425824375,0.00949824143868357,0.210382663413242,TRUE
2002,5,6,0.0296601604280075,0.0228972858526111,0.0383421159496661,0.135579931247484,TRUE
2002,6,6,0.127348415250344,0.10667532067513,0.151349080716826,0.102323637625375,TRUE
2002,7,6,0.390680003624959,0.346550801521546,0.436673370372503,0.0968286240242602,TRUE
2002,8,6,0.667369747498983,0.622867052835462,0.709073824820197,0.0992760021653564,TRUE
2002,9,6,0.824853784751231,0.794760004572344,0.851360255427831,0.0998614344664887,TRUE
2002,10,6,0.917962852332764,0.897504766525341,0.934634893068802,0.125095473398711,TRUE
2002,11,6,0.97073093161995,0.959439823860754,0.978947799144936,0.172429269650956,TRUE
2002,12,6,0.991498851698252,0.985113601494595,0.995158724658172,0.289141802431939,TRUE
2002,13,6,0.997386894844426,0.989802177513655,0.99933420861745,0.698619285274973,TRUE
2002,14,6,0.998937845596476,0.9866082915051,0.999916714197351,1.29938913779335,TRUE
2002,15,6,0.999400818276847,0.976335695066902,0.999985170152405,1.8875385521773,TRUE
2002,16,6,0.999564355269626,0.95748220211085,0.999995722386931,2.35915731682443,TRUE
2002,17,6,0.999630624868257,0.930673043879695,0.99999816705089,2.70732227321552,TRUE
2002,18,6,0.999662167963389,0.898618564016943,0.999998987694357,2.96467446232656,TRUE
2002,19,6,0.999682593426093,0.86406997753319,0.999999359172969,3.16612758444885,TRUE
2002,20,6,0.999701829936719,0.828813065549295,0.999999569301968,3.33695409542424,TRUE
2002,21,6,0.999723714271053,0.793892233948037,0.999999705812655,3.49253871483066,TRUE
2002,22,6,0.999748965416881,0.760098811656914,0.999999800233458,3.64111153078668,TRUE
2002,23,6,0.99977673672735,0.728269810293215,0.999999866345718,3.78633162887913,TRUE
2002,24,6,0.999805563235429,0.699380335078143,0.999999912012361,3.92908255326164,TRUE
2003,0,6,3.57160868273226e-05,1.42871858227032e-07,0.00885016405732538,2.81711498929399,TRUE
2003,1,6,6.95964492462136e-05,1.02289201146643e-06,0.00471359710401412,2.15317640424495,TRUE
2003,2,6,0.000239276723449743,2.13428520826291e-05,0.00267659739176994,1.23324806764045,TRUE
2003,3,6,0.00126540799958442,0.000471213639821527,0.00339361121779769,0.504413954529056,TRUE
2003,4,6,0.00697339422657291,0.00471522506166566,0.0103018297365881,0.200808220453304,TRUE
2003,5,6,0.0327026581442392,0.0259813745357579,0.0410893617421637,0.120921066363894,TRUE
2003,6,6,0.138976424238465,0.120940621775571,0.159214743874465,0.0814990355539233,TRUE
2003,7,6,0.414920035162597,0.380269914959093,0.450432667626093,0.0738483053626574,TRUE
2003,8,6,0.689354820185588,0.655668727301498,0.721146959535538,0.0780898433420086,TRUE
2003,9,6,0.838942001957631,0.816047495498973,0.859477752427819,0.0819311372025634,TRUE
2003,10,6,0.925240457843899,0.908158393648474,0.939357503045295,0.114503847513445,TRUE
2003,11,6,0.973462748473198,0.963594740334603,0.980709482875517,0.166509459016448,TRUE
2003,12,6,0.99230766313079,0.986626778965419,0.995586129237845,0.285092497843358,TRUE
2003,13,6,0.997636844596634,0.990819134783845,0.999394815954563,0.695921464263018,TRUE
2003,14,6,0.999039586055976,0.987929184140008,0.999924367603507,1.29714878794469,TRUE
2003,15,6,0.999458236077407,0.978640587976905,0.999986537709956,1.88547665679524,TRUE
2003,16,6,0.99960610798356,0.961544396537146,0.999996117561555,2.35718794012987,TRUE
2003,17,6,0.999666028346403,0.937121262050691,0.999998336585055,2.70541491604676,TRUE
2003,18,6,0.999694549056027,0.907744291779596,0.999999081417483,2.96281837493765,TRUE
2003,19,6,0.999713017306702,0.875865677782147,0.999999418558403,3.16431993182409,TRUE
2003,20,6,0.999730410467114,0.843100164128519,0.999999609252002,3.33519507196954,TRUE
2003,21,6,0.999750197643919,0.810412234463812,0.999999733126391,3.49082930053113,TRUE
2003,22,6,0.999773028890294,0.778554942914869,0.99999981879861,3.63945247121411,TRUE
2003,23,6,0.999798138658076,0.748345342331497,0.999999878778767,3.78472302639675,TRUE
2003,24,6,0.99982420235416,0.720752241657931,0.999999920205108,3.92752375827356,TRUE
2004,0,6,3.64825612688693e-05,1.45953262272608e-07,0.00903744576342093,2.81706173365017,TRUE
2004,1,6,7.10899514226144e-05,1.04427009042566e-06,0.00481690280603818,2.15345685676532,TRUE
2004,2,6,0.000244410582558744,2.17639876380321e-05,0.00273850450158447,1.23411223941168,TRUE
2004,3,6,0.00129252980064286,0.000479200100838281,0.00348148749637005,0.506668726666539,TRUE
2004,4,6,0.00712198428879674,0.00476874120201008,0.010624091885086,0.205856500250551,TRUE
2004,5,6,0.0333810615294409,0.0261509436053858,0.0425228523029598,0.128346956126924,TRUE
2004,6,6,0.141536851498133,0.121171908165906,0.164683089065908,0.0912238211534002,TRUE
2004,7,6,0.420083951359928,0.380373984619159,0.460856167819518,0.0844568490583111,TRUE
2004,8,6,0.69388357800813,0.655427033040801,0.729817389704625,0.0894698017645298,TRUE
2004,9,6,0.841790488549733,0.815776231826719,0.864740349558802,0.093686435437758,TRUE
2004,10,6,0.926696023504338,0.908536278109232,0.941482454161658,0.123021818316645,TRUE
2004,11,6,0.974005805396765,0.963937041218257,0.981317858499581,0.172342105036916,TRUE
2004,12,6,0.992468062517659,0.986809913725468,0.995709589072303,0.28879642884684,TRUE
2004,13,6,0.997686379827831,0.990980015376268,0.999409528932158,0.697652496945602,TRUE
2004,14,6,0.999059745464516,0.98815644094326,0.999926104271492,1.29816793277277,TRUE
2004,15,6,0.999469612547887,0.979050668392077,0.999986839373189,1.88620588084178,TRUE
2004,16,6,0.999614380498163,0.962280020199343,0.999996203517902,2.35777707980473,TRUE
2004,17,6,0.999673042826007,0.938302360949778,0.999998373180622,2.70593123900282,TRUE
2004,18,6,0.999700964688125,0.909429922285628,0.9999991015605,2.96329718488674,TRUE
2004,19,6,0.999719045144279,0.878059147114885,0.999999431289234,3.16478148046957,TRUE
2004,20,6,0.999736073071981,0.845771951368442,0.999999617803744,3.33565154810659,TRUE
2004,21,6,0.999755444729853,0.813516808667826,0.999999738968318,3.49128821199454,TRUE
2004,22,6,0.999777796513634,0.782038526039333,0.999999822767608,3.63991845544977,TRUE
2004,23,6,0.999802378944473,0.752149263954283,0.999999881436266,3.78519888150007,TRUE
2004,24,6,0.999827895242475,0.724815406371166,0.99999992195618,3.92801105726009,TRUE
2005,0,7,0.000348052140390395,0.000220254883198842,0.000549959695213904,0.233521992606441,TRUE
2005,1,7,0.0015856193912501,0,1,NA,FALSE
2005,2,7,0.00457266657611286,0.00335202765257315,0.0062350196989986,0.159062409216308,TRUE
2005,3,7,0.00817963229957024,0.00510660709068543,0.0130776171357469,0.241946062072409,TRUE
2005,4,7,0.0132308766986986,0.00936337900140009,0.0186657259067969,0.178400576958353,TRUE
2005,5,7,0.0293452521121669,0.0223117457560352,0.0385086548156844,0.143491171959141,TRUE
2005,6,7,0.0970393705765388,0.0781331012699001,0.119925347005655,0.121137367973507,TRUE
2005,7,7,0.302564776880287,0.262836247897851,0.345484012285988,0.100085819655849,TRUE
2005,8,7,0.594738697179288,0.548307887295036,0.639534427280421,0.0968149970166102,TRUE
2005,9,7,0.821714471000112,0.776450951905204,0.859471892501205,0.144341420050713,TRUE
2005,10,7,0.942914759758672,0.913955810947189,0.962526924532041,0.225263863464289,TRUE
2005,11,7,0.985235080142191,0.966157402427912,0.993629243369194,0.433181283375996,TRUE
2005,12,7,0.99592396589474,0.974641659910036,0.999356619499812,0.943682764352456,TRUE
2005,13,7,0.998497248340411,0.963270720917386,0.999940599398138,1.64910850029311,TRUE
2005,14,7,0.999225951250857,0.932119914939766,0.999991759851333,2.3180949309693,TRUE
2005,15,7,0.999483790708413,0.883511173399813,0.999997976854948,2.82779346609478,TRUE
2005,16,7,0.999596951643487,0.831766817660761,0.999999196188816,3.17243061819368,TRUE
2005,17,7,0.999659146548389,0.791028255531462,0.999999559915835,3.39423705493114,TRUE
2005,18,7,0.999702548153799,0.765830925507744,0.999999710469064,3.5383521022413,TRUE
2005,19,7,0.99973917432937,0.754012031931334,0.999999791362886,3.63847080766707,TRUE
2005,20,7,0.999773182971637,0.751597497115911,0.999999844268081,3.71638949043651,TRUE
2005,21,7,0.999805456168855,0.755113003005996,0.999999883251826,3.7850634091215,TRUE
2005,22,7,0.999835642392682,0.762135779115445,0.999999913418405,3.8515385705118,TRUE
2005,23,7,0.999863120627976,0.771200855157463,0.99999993683042,3.91903594034801,TRUE
2005,24,7,0.999887417194054,0.781554259491707,0.999999954641627,3.9883192272153,TRUE
2006,0,7,0.000307867995280256,0.000192767774789465,0.000491659914760804,0.238932966159929,TRUE
2006,1,7,0.00140275318156247,0,1,NA,FALSE
2006,2,7,0.00404670664744975,0.00302227974594228,0.00541648507155236,0.149451729956059,TRUE
2006,3,7,0.00724180815169071,0.00458590988657697,0.0114182079102478,0.234470678485391,TRUE
2006,4,7,0.0117207532601829,0.00843600607560341,0.0162635122162001,0.169477738077714,TRUE
2006,5,7,0.0260444374644565,0.0201499205329236,0.0336041585648468,0.134001323866468,TRUE
2006,6,7,0.0868051308852095,0.0709071489663156,0.105861437597489,0.112019332060582,TRUE
2006,7,7,0.277311745697295,0.241293185861549,0.316464270699015,0.0958012777898058,TRUE
2006,8,7,0.564849826296376,0.515502097939963,0.612945172492438,0.101451063817389,TRUE
2006,9,7,0.803021234660928,0.751501977688711,0.846047513650665,0.152373346396539,TRUE
2006,10,7,0.935938661426809,0.902434268201376,0.958467056991348,0.233238658619171,TRUE
2006,11,7,0.983339352743588,0.961470870221499,0.992887474080326,0.439219856283228,TRUE
2006,12,7,0.995394211835269,0.971214718724149,0.999278146835306,0.94753866462199,TRUE
2006,13,7,0.998301368268059,0.958454444071039,0.999933212832143,1.65191844873297,TRUE
2006,14,7,0.999124972614777,0.923609175543887,0.999990726435945,2.32042709885063,TRUE
2006,15,7,0.999416428909764,0.869810246856585,0.999997722065164,2.82988796059086,TRUE
2006,16,7,0.999544349844625,0.813303621923336,0.999999094735836,3.17439947531667,TRUE
2006,17,7,0.999614658670965,0.76935778515553,0.999999504304145,3.39613748985861,TRUE
2006,18,7,0.999663723108224,0.742412501071054,0.999999673858145,3.54021493251098,TRUE
2006,19,7,0.999705128522915,0.729836612255942,0.999999764971385,3.64031295180834,TRUE
2006,20,7,0.999743575204853,0.727275088791976,0.999999824564848,3.71822011701089,TRUE
2006,21,7,0.999780060286403,0.731014236826423,0.999999868479076,3.78688725442018,TRUE
2006,22,7,0.999814186307829,0.738490487806566,0.999999902461918,3.85335787122945,TRUE
2006,23,7,0.999845251137662,0.748160256852697,0.999999928836109,3.92085162839107,TRUE
2006,24,7,0.999872719196835,0.759231924002872,0.999999948901058,3.99013169143043,TRUE
2007,0,7,0.000333118014536935,0.000201808320794227,0.000549819398640989,0.25577502139759,TRUE
2007,1,7,0.00151766468683161,0,1,NA,FALSE
2007,2,7,0.00437725758744922,0.00324749154006035,0.00589773107336485,0.152897519707311,TRUE
2007,3,7,0.0078312953864592,0.0049553531506932,0.0123556248617414,0.234980821794547,TRUE
2007,4,7,0.0126701760333324,0.00907977421624578,0.0176550298236546,0.171855934585802,TRUE
2007,5,7,0.0281211146596601,0.0215839253693916,0.0365642504001824,0.138408504706322,TRUE
2007,6,7,0.0932626952749503,0.0752609328825517,0.115034686724545,0.119450073478804,TRUE
2007,7,7,0.293388226977137,0.250201807619553,0.340642340849027,0.111507974094137,TRUE
2007,8,7,0.584122428784387,0.524363718185219,0.641506146476185,0.12356735645138,TRUE
2007,9,7,0.815196517159481,0.759332252640092,0.860476146636008,0.17097972978208,TRUE
2007,10,7,0.9405069691172,0.906821594975154,0.962517930328954,0.247519924421319,TRUE
2007,11,7,0.984583127043345,0.963668163252521,0.993538805701597,0.44832618200555,TRUE
2007,12,7,0.99574194657674,0.973089039561509,0.999339207786794,0.952432852098283,TRUE
2007,13,7,0.998429960329271,0.961265197720072,0.999938637751039,1.65491370894853,TRUE
2007,14,7,0.999191265602798,0.928714632359788,0.999991465211572,2.32255314314339,TRUE
2007,15,7,0.99946065278444,0.878128623958584,0.999997901731856,2.83157480198181,TRUE
2007,16,7,0.999578883767599,0.824569611193343,0.999999165758183,3.17585489964778,TRUE
2007,17,7,0.999643865756097,0.782606188590904,0.999999543087792,3.39747441986287,TRUE
2007,18,7,0.999689212492842,0.756738183494107,0.999999699344837,3.54149939463811,TRUE
2007,19,7,0.999727480282402,0.74462566982956,0.999999783332751,3.64158519364085,TRUE
2007,20,7,0.999763013331317,0.742150029434946,0.999999838274593,3.719505153692,TRUE
2007,21,7,0.999796733245658,0.745746004856515,0.999999878763783,3.78820061694144,TRUE
2007,22,7,0.999828272721779,0.752937427587317,0.999999910095872,3.85470894166065,TRUE
2007,23,7,0.999856982884137,0.76222971118657,0.999999934411376,3.92224568555393,TRUE
2007,24,7,0.999882368792985,0.772854966844296,0.999999952908554,3.99157124024574,TRUE
2008,0,7,0.000347701572989613,0.000208768730597355,0.000579038845415738,0.260339705935772,TRUE
2008,1,7,0.00158402428829046,0,1,NA,FALSE
2008,2,7,0.00456808030896135,0.00339483475949115,0.00614429647425508,0.152051722789792,TRUE
2008,3,7,0.00817145803605566,0.0051745382676183,0.0128816185287117,0.234654464104294,TRUE
2008,4,7,0.0132177217786046,0.00943403849156048,0.0184905893670251,0.174014042254828,TRUE
2008,5,7,0.0293165513308015,0.0221596153161358,0.0386935109882108,0.146546972039218,TRUE
2008,6,7,0.0969510752937837,0.0758840549162135,0.123087734826144,0.136768178453188,TRUE
2008,7,7,0.30235209381338,0.248121925159486,0.362717038309206,0.139049282590672,TRUE
2008,8,7,0.594495700739227,0.518963305209472,0.66580549286581,0.156478582707191,TRUE
2008,9,7,0.821566738856626,0.756682367006499,0.872073877291872,0.200219332531644,TRUE
2008,10,7,0.942860473824017,0.906632628878062,0.965565302296113,0.270528857630505,TRUE
2008,11,7,0.985220408438407,0.964155284489326,0.993983291130519,0.463050287196044,TRUE
2008,12,7,0.995919871607916,0.973764480781867,0.999377423586926,0.96097840685311,TRUE
2008,13,7,0.998495734955195,0.962394697620461,0.999941918849485,1.66108452836538,TRUE
2008,14,7,0.999225171155424,0.930835040920445,0.999991907775675,2.32785173169751,TRUE
2008,15,7,0.99948327033224,0.881632684425937,0.999998009185685,2.83652710403627,TRUE
2008,16,7,0.999596545295645,0.829354700514751,0.999999208254304,3.18066150579219,TRUE
2008,17,7,0.999658802883196,0.788263489127486,0.999999566306826,3.40221514639956,TRUE
2008,18,7,0.999702248235202,0.762877702597874,0.999999714602769,3.54620338878057,TRUE
2008,19,7,0.999738911331043,0.750981608211299,0.999999794315936,3.64625830308704,TRUE
2008,20,7,0.999772954257453,0.748560130932921,0.999999846461801,3.72414206265911,TRUE
2008,21,7,0.999805259991469,0.752113580224015,0.999999884890762,3.79279098222384,TRUE
2008,22,7,0.999835476649982,0.759203979249645,0.999999914629635,3.85924092214661,TRUE
2008,23,7,0.999862982591282,0.768357336181751,0.999999937710451,3.92670816345248,TRUE
2008,24,7,0.999887303656592,0.778814735863188,0.999999955270351,3.99595523026376,TRUE
2009,0,7,0.000352583834448825,0.000207027575510827,0.000600415845999,0.271730513405915,TRUE
2009,1,7,0.00160623851630593,0,1,NA,FALSE
2009,2,7,0.00463194855028847,0.0032869954165613,0.00652361964958352,0.175694061227534,TRUE
2009,3,7,0.00828528727738728,0.00507226155859405,0.0135059764247281,0.252009310140241,TRUE
2009,4,7,0.0134008962103663,0.00908939997995875,0.0197168285635038,0.20029614316359,TRUE
2009,5,7,0.0297161087800407,0.0208233596945323,0.0422427262318277,0.186093837219286,TRUE
2009,6,7,0.0981791941829621,0.0695587395820869,0.136843786696656,0.191771820601464,TRUE
2009,7,7,0.30530246236514,0.228363557080602,0.394897273966362,0.201738918501823,TRUE
2009,8,7,0.597853851290499,0.49396866377947,0.693639108679705,0.214624998285315,TRUE
2009,9,7,0.823602388711216,0.742572099573135,0.88314073876881,0.245701956787446,TRUE
2009,10,7,0.943607331087607,0.902015702656004,0.968167496242733,0.304876141238654,TRUE
2009,11,7,0.98542214955498,0.962959934043982,0.994342626324338,0.487537136414435,TRUE
2009,12,7,0.995976161762519,0.973266398293006,0.999406119043505,0.977951909118744,TRUE
2009,13,7,0.998516540988789,0.961906271083387,0.999944269153487,1.67504447657233,TRUE
2009,14,7,0.999235895813991,0.93010538784793,0.999992218663701,2.340722949914,TRUE
2009,15,7,0.999490424377819,0.880534989895619,0.999998084134251,2.84898931346248,TRUE
2009,16,7,0.999602131690453,0.827911425994046,0.999999237822964,3.19296411772902,TRUE
2009,17,7,0.999663527524779,0.786585820346365,0.999999582444651,3.41444571577699,TRUE
2009,18,7,0.999706371454867,0.761078660902,0.999999725194062,3.55838121499949,TRUE
2009,19,7,0.999742526976674,0.749145917534099,0.999999801923802,3.65837117509753,TRUE
2009,20,7,0.999776098570521,0.746746776200423,0.999999852114177,3.73616276317791,TRUE
2009,21,7,0.999807956994544,0.750363428507743,0.999999889101107,3.80468605918229,TRUE
2009,22,7,0.999837755242906,0.757545261106595,0.999999917726466,3.8709762432174,TRUE
2009,23,7,0.999864880287675,0.766809126457067,0.999999939947583,3.9382528206648,TRUE
2009,24,7,0.999888864542733,0.777389312505226,0.999999956858588,4.00728424831146,TRUE
2010,0,7,0.000283620146891599,0.000150365469984629,0.00053490264845051,0.323832643490833,TRUE
2010,1,7,0.00129238307017205,0,1,NA,FALSE
2010,2,7,0.00372908431462089,0.00231080987549445,0.00601258789205053,0.244895940675489,TRUE
2010,3,7,0.00667508598481464,0.00368814559784896,0.0120518156480164,0.304220285289356,TRUE
2010,4,7,0.0108073379940187,0.00640822981628755,0.0181711080607341,0.26892309714938,TRUE
2010,5,7,0.0240419121941097,0.0143323857178062,0.0400618437657918,0.268972537570992,TRUE
2010,6,7,0.0805170089822441,0.0481409009916273,0.131655334139543,0.280077482386769,TRUE
2010,7,7,0.26117022260516,0.167578595014229,0.382983470317785,0.28724567607599,TRUE
2010,8,7,0.544583569035253,0.401682275648278,0.680501806927563,0.294530760670961,TRUE
2010,9,7,0.789717877924647,0.668511924269789,0.87489921448441,0.3172320037836,TRUE
2010,10,7,0.930839010597089,0.868007246518873,0.96496842927462,0.36541300777617,TRUE
2010,11,7,0.981940259072611,0.950732925756633,0.993514716491349,0.528513830184371,TRUE
2010,12,7,0.995002291410981,0.965569439335887,0.999292989352441,1.00001432264079,TRUE
2010,13,7,0.998156368378632,0.951854826409112,0.999932556546446,1.68879683738022,TRUE
2010,14,7,0.9990502109752,0.91295005827828,0.999990521184254,2.35112547551612,TRUE
2010,15,7,0.999366553275026,0.853501379449036,0.999997659329698,2.85789428210759,TRUE
2010,16,7,0.999505401722373,0.792024381544614,0.999999067474686,3.20112955740171,TRUE
2010,17,7,0.999581717900598,0.744887164002426,0.999999488718702,3.42221048428386,TRUE
2010,18,7,0.999634975062724,0.716291245379434,0.999999663349748,3.56590284183119,TRUE
2010,19,7,0.999679919060191,0.703064764944625,0.999999757265681,3.66572121676286,TRUE
2010,20,7,0.999721651751152,0.700459906885578,0.999999818721193,3.74336995562075,TRUE
2010,21,7,0.999761255438998,0.704531185391908,0.999999864023806,3.81175794375537,TRUE
2010,22,7,0.9997982986469,0.712581502084077,0.999999899095015,3.87791091206255,TRUE
2010,23,7,0.9998320191721,0.722990718555703,0.999999926327786,3.94504562264661,TRUE
2010,24,7,0.999861835592244,0.734927138972092,0.999999947059094,4.01393162389054,TRUE
2011,0,7,0.000243795928257399,0.00011484752276267,0.000517449991243822,0.384116817270952,TRUE
2011,1,7,0.00111107190967277,0.000942069066493733,0.00131035331783754,0.0842725170753049,TRUE
2011,2,7,0.00320702090997733,0.00172500943128642,0.00595468159091179,0.317146439050262,TRUE
2011,3,7,0.00574296643998402,0.00282726874352726,0.0116304858182633,0.363064318610428,TRUE
2011,4,7,0.00930358881987772,0.00482894541309559,0.0178501968675906,0.336883033446861,TRUE
2011,5,7,0.0207352853219111,0.0106848842358094,0.0398584060201755,0.343484731060315,TRUE
2011,6,7,0.0700001367874485,0.0361005330741338,0.131393323092009,0.356124976030242,TRUE
2011,7,7,0.233037358564884,0.130280632618344,0.381308295357879,0.360843590921716,TRUE
2011,8,7,0.506865824637005,0.334309195045353,0.677802024192285,0.365427139494816,TRUE
2011,9,7,0.763484945720029,0.603059227200165,0.872754361448045,0.384524012909932,TRUE
2011,10,7,0.92043742673621,0.833821720707076,0.963863700749977,0.426205174516658,TRUE
2011,11,7,0.979051170114704,0.938313333440515,0.993084057815087,0.572706944968225,TRUE
2011,12,7,0.994190425113515,0.95831932323991,0.999215515786607,1.0241402234564,TRUE
2011,13,7,0.997855770487654,0.942921514059715,0.99992372592215,1.70323164375459,TRUE
2011,14,7,0.998895189781666,0.898292538458202,0.999989195720613,2.36156440068743,TRUE
2011,15,7,0.999263126266242,0.831185318271234,0.999997322602121,2.86653514204123,TRUE
2011,16,7,0.999424632359623,0.763260518477715,0.999998931456002,3.20887871055421,TRUE
2011,17,7,0.999513405128381,0.712169806748766,0.999999413585417,3.42947438345117,TRUE
2011,18,7,0.999575356420209,0.681600310625103,0.999999613655245,3.57287161666853,TRUE
2011,19,7,0.999627638278016,0.667597318172649,0.999999721321482,3.67248295748393,TRUE
2011,20,7,0.999676185217261,0.664903572218915,0.999999791808292,3.74996242949639,TRUE
2011,21,7,0.999722256135156,0.669297624004989,0.999999843788815,3.81819434419279,TRUE
2011,22,7,0.99976534898977,0.67793476176563,0.999999884044141,3.88419361706859,TRUE
2011,23,7,0.999804576977128,0.68911608251383,0.999999915313281,3.95117383291104,TRUE
2011,24,7,0.999839263574923,0.701973611542966,0.999999939125659,4.01990555957285,TRUE
2012,0,7,0.000229433793111298,9.55407969538529e-05,0.000550864035386586,0.447046515585784,TRUE
2012,1,7,0.00104567156831097,0.000649220515799243,0.00168381032328334,0.243391695644743,TRUE
2012,2,7,0.00301862084299044,0.00140900500874926,0.00645513944695223,0.389563001329694,TRUE
2012,3,7,0.00540639740758417,0.0023493016818493,0.0123922120632667,0.426810816919951,TRUE
2012,4,7,0.00876018653554365,0.00397440835881461,0.0191976790957074,0.405700188247587,TRUE
2012,5,7,0.0195373502383619,0.0087798049303684,0.0429051542954964,0.413673924358706,TRUE
2012,6,7,0.0661482898464102,0.0298362370920433,0.140264360040234,0.42568261841118,TRUE
2012,7,7,0.22235918912805,0.109763947623855,0.398723462551743,0.429183311949415,TRUE
2012,8,7,0.491684178955407,0.29295448768976,0.693077184455784,0.432564796003775,TRUE
2012,9,7,0.752343476504523,0.557447929845853,0.87990061663442,0.449160906834471,TRUE
2012,10,7,0.91587482607537,0.807726434514812,0.965770667254636,0.485860762134437,TRUE
2012,11,7,0.977768652331636,0.928997461920756,0.993281499364753,0.618572263088929,TRUE
2012,12,7,0.993828912464604,0.953597075421908,0.999208272486048,1.05043320241927,TRUE
2012,13,7,0.99772181877985,0.937770816330419,0.999921435548387,1.71912116999495,TRUE
2012,14,7,0.998826095027101,0.890434626478119,0.999988774389587,2.37303167186253,TRUE
2012,15,7,0.999217024197183,0.819770291237957,0.999997207188568,2.87598831218242,TRUE
2012,16,7,0.999388628641536,0.749011334803598,0.999998883200613,3.21732855793547,TRUE
2012,17,7,0.999482953506045,0.696295059533344,0.999999386450506,3.43738138202991,TRUE
2012,18,7,0.999548780025096,0.664973987999066,0.999999595522283,3.58045585233368,TRUE
2012,19,7,0.999604332657212,0.650711354499818,0.999999708117577,3.67985000912565,TRUE
2012,20,7,0.999655917038397,0.648028456586151,0.999999781871867,3.75716053867021,TRUE
2012,21,7,0.999704870770731,0.652594589903089,0.999999836285309,3.82524293880389,TRUE
2012,22,7,0.99975066034784,0.661510334220159,0.999999878440063,3.89109859778065,TRUE
2012,23,7,0.999792343411689,0.673048361914723,0.99999991119559,3.95793612556209,TRUE
2012,24,7,0.999829201034508,0.686327777476604,0.999999936148026,4.02652590669514,TRUE
2013,0,7,0.000227367971739484,8.28810040585327e-05,0.000623582880818462,0.514962698410026,TRUE
2013,1,7,0.00103626396146427,0.000519479778526262,0.00206608798605352,0.352591418245586,TRUE
2013,2,7,0.00299151633320233,0.00120522455493203,0.00740568310167355,0.464755754241779,TRUE
2013,3,7,0.00535796802739643,0.00203511277838376,0.0140299818294259,0.495605409983295,TRUE
2013,4,7,0.00868197685843252,0.00342356674792614,0.0218400158393511,0.47748672253381,TRUE
2013,5,7,0.0193648032928789,0.0075780113935707,0.0485871433904926,0.484781472214156,TRUE
2013,6,7,0.0655916305359918,0.0258976262726049,0.156359865857157,0.495366054127803,TRUE
2013,7,7,0.220798778703488,0.0964206481490888,0.429377469118879,0.498287740697194,TRUE
2013,8,7,0.489423278814173,0.264158175237436,0.719067482018987,0.50110814395117,TRUE
2013,9,7,0.750653997862867,0.522934828031004,0.892102844786303,0.515468446804026,TRUE
2013,10,7,0.915175155953209,0.786677672653942,0.969291910672914,0.547720624679248,TRUE
2013,11,7,0.977571147694183,0.921645368047617,0.993846308072349,0.668281394492117,TRUE
2013,12,7,0.993773179504489,0.950495482465826,0.99924675523723,1.08049111035816,TRUE
2013,13,7,0.997701162511001,0.935068268785255,0.999923551543694,1.73766821939954,TRUE
2013,14,7,0.99881543934339,0.886927795125965,0.999988967556106,2.38650358958396,TRUE
2013,15,7,0.99920991422,0.815168411558154,0.999997242566989,2.88710865535132,TRUE
2013,16,7,0.999383075992663,0.743611217424492,0.999998894787488,3.22726553920378,TRUE
2013,17,7,0.999478257095223,0.69049866459235,0.999999392051973,3.44667664976746,TRUE
2013,18,7,0.999544681254035,0.659038946396434,0.999999598918372,3.58937363299197,TRUE
2013,19,7,0.999600738311003,0.644769584843648,0.9999997104281,3.6885207203062,TRUE
2013,20,7,0.999652791135505,0.642149329809769,0.999999783520215,3.76564657952997,TRUE
2013,21,7,0.999702189467086,0.646820557674567,0.99999983747239,3.83357175220673,TRUE
2013,22,7,0.999748394946273,0.65587131675099,0.999999879286733,3.89928051279479,TRUE
2013,23,7,0.999790456646594,0.667567414738588,0.999999911789291,3.96597442908392,TRUE
2013,24,7,0.99982764909957,0.681024228589341,0.999999936557298,4.03442257201689,TRUE
2014,0,7,0.000227566143244031,7.34285261023214e-05,0.000705033868834056,0.577195604763256,TRUE
2014,1,7,0.0010371664267106,0.000439610404552184,0.00244498483894041,0.438251313737495,TRUE
2014,2,7,0.00299411649193021,0.00105654827858983,0.00845485172927247,0.532450314997903,TRUE
2014,3,7,0.00536261398944595,0.00179765520625678,0.0158847961269157,0.559472606860138,TRUE
2014,4,7,0.00868947993018941,0.00301208397758385,0.024801836051702,0.543475151878524,TRUE
2014,5,7,0.0193813580950691,0.00668179793970197,0.0548843029803947,0.5499039797727,TRUE
2014,6,7,0.0656450588014029,0.0229390306015321,0.173721432583799,0.559252697517307,TRUE
2014,7,7,0.220948738023771,0.0861680111419476,0.460347312245493,0.561847874080931,TRUE
2014,8,7,0.489641035315875,0.240939075165318,0.743578995340571,0.564345142350427,TRUE
2014,9,7,0.750817065905473,0.492977158912787,0.903265173208343,0.577086086140364,TRUE
2014,10,7,0.915242778526618,0.767036319623406,0.972539049914791,0.606004411071238,TRUE
2014,11,7,0.977590246060722,0.914569456195903,0.994405932717846,0.71677061006762,TRUE
2014,12,7,0.993778569498549,0.947640692822847,0.99929116832977,1.11107594940079,TRUE
2014,13,7,0.997703160264647,0.932809624716562,0.999926427978589,1.75679275401308,TRUE
2014,14,7,0.998816469908208,0.884253040689366,0.999989273710069,2.40041789833434,TRUE
2014,15,7,0.999210601863896,0.811887831070989,0.999997306257379,2.89858707988269,TRUE
2014,16,7,0.99938361301977,0.739930061426562,0.999998917712825,3.23751557133363,TRUE
2014,17,7,0.999478711311208,0.686657016202115,0.999999403886256,3.45626177820768,TRUE
2014,18,7,0.999545077669172,0.655174014951386,0.999999606426137,3.59857013263616,TRUE
2014,19,7,0.999601085940542,0.640944456563208,0.999999715708494,3.69746582554308,TRUE
2014,20,7,0.999653093459371,0.638395569817981,0.999999787390641,3.77440657824981,TRUE
2014,21,7,0.999702448791331,0.643158525378012,0.999999840329546,3.84217622472184,TRUE
2014,22,7,0.999748614046327,0.652316766117977,0.999999881375298,3.9077408130355,TRUE
2014,23,7,0.999790639126593,0.664133265882788,0.999999913291611,3.97429413615426,TRUE
2014,24,7,0.999827799196246,0.67772139542433,0.999999937620825,4.04260346927589,TRUE
2015,0,7,0.000227844389923858,6.58455926803001e-05,0.000788091961317361,0.633436344610682,TRUE
2015,1,7,0.00103843354901114,0.00038256804515285,0.00281553218508298,0.509814700811661,TRUE
2015,2,7,0.00299776727584807,0.000940341991994291,0.00951387748185764,0.592582778645037,TRUE
2015,3,7,0.0053691371755995,0.00160850465954984,0.0177655577183194,0.616917488685578,TRUE
2015,4,7,0.00870001458206689,0.00268749055335366,0.0277891053450148,0.602441577993282,TRUE
2015,5,7,0.0194046012652103,0.00597146285790487,0.0611959678022502,0.608237841352469,TRUE
2015,6,7,0.0657200655547854,0.0205715042266004,0.190667118786059,0.616690202966838,TRUE
2015,7,7,0.221159194128204,0.0778272022322791,0.488600432884241,0.619051027624368,TRUE
2015,8,7,0.489946467551967,0.221322307871386,0.764504853088442,0.621316324132396,TRUE
2015,9,7,0.751045665329763,0.465996166091364,0.912505609821005,0.632880294078288,TRUE
2015,10,7,0.915337543638589,0.748078896056224,0.975225378692395,0.659312196027166,TRUE
2015,11,7,0.977617006690455,0.907434085394626,0.994887459255269,0.762318391520807,TRUE
2015,12,7,0.99378612170189,0.9447244635502,0.999332237964332,1.14092602004469,TRUE
2015,13,7,0.997705959399052,0.930520633890716,0.999929199474968,1.77576194270278,TRUE
2015,14,7,0.998817913871393,0.881569013635129,0.999989574136399,2.41428865798408,TRUE
2015,15,7,0.999211565346864,0.808621217249483,0.999997369327978,2.91005158914254,TRUE
2015,16,7,0.999384365467785,0.736284046314944,0.999998940528279,3.2477626643084,TRUE
2015,17,7,0.999479347729449,0.682864629113767,0.999999415697741,3.46584912398423,TRUE
2015,18,7,0.999545633100504,0.651365881675805,0.999999613932652,3.60777167815796,TRUE
2015,19,7,0.999601573016582,0.637179363624927,0.999999720994204,3.70641770053106,TRUE
2015,20,7,0.999653517055985,0.634702592506961,0.999999791268345,3.78317447953129,TRUE
2015,21,7,0.999702812139624,0.639556642020533,0.999999843194164,3.85078937894648,TRUE
2015,22,7,0.999748921035066,0.648820987611845,0.999999883470722,3.91621033175117,TRUE
2015,23,7,0.999790894805671,0.6607561173834,0.999999914799838,3.98262340521376,TRUE
2015,24,7,0.99982800950191,0.674473558232251,0.999999938689206,4.05079409799339,TRUE
